pos,aa,b
100,C,-0.5409904031837866
101,C,-0.9879385709220152
101,F,-0.4835815018680714
101,G,-0.5368038606099004
101,I,-0.35292473951512265
101,K,-0.31802035833260095
101,L,-0.2951647883732818
101,N,-0.21287971104484177
101,P,-1.0013208968318
101,R,-0.42676380648759293
101,T,-0.2546681419034731
101,V,-0.2409395325511429
101,W,-0.6453194859533803
101,Y,-0.4916601440899837
102,A,-1.0035261951484595
102,C,-0.510865883687385
102,D,-1.5328687371619378
102,E,-1.1335169944440109
102,F,-0.33781019034589027
102,G,-1.2005120669377076
102,H,-1.0033041302506496
102,K,-0.9924858585817209
102,N,-1.2231148777057168
102,P,-1.4099967614217492
102,Q,-0.8508250433137855
102,R,-1.058030836805856
102,S,-1.0640974030802708
102,T,-0.6096370109948402
102,W,-0.4141108285063108
102,Y,-0.49395553892834687
103,A,-0.31791605541948253
103,C,-0.2964597934432158
103,E,-0.3266459958625726
103,F,-0.64010606631137
103,G,-0.4254097388242128
103,H,-0.44693429062671886
103,N,-0.3385225716226987
103,P,-1.4999316546283377
103,R,-0.275561576210747
103,S,-0.32477393105117724
103,W,-0.9312024240981717
103,Y,-0.4887119959558736
103,K,-0.23322417195731612
103,M,-0.21395697777663059
103,Q,-0.22302197457151146
104,C,-0.5750068914626119
104,W,-0.32876254609914274
104,G,-0.2462669195358895
105,A,-0.5024219981512313
105,C,-0.6299857596790137
105,D,-1.1161952175070864
105,E,-1.2015747781905495
105,G,-0.5010178893439022
105,H,-0.3342905557955505
105,I,-1.0145813329001374
105,K,-1.4315093763332538
105,L,-1.0223593829730202
105,M,-0.5721859946893271
105,N,-0.4270098125039268
105,P,-0.40179385452319655
105,Q,-0.9315395134620421
105,R,-1.15786993130994
105,S,-0.524435659814177
105,T,-0.5044843266737444
105,V,-0.502619573176432
106,A,-0.2960243223997284
106,C,-0.6217991298879675
106,D,-1.3880517461786983
106,E,-1.7146727690001142
106,F,-1.4081955985849464
106,G,-0.5352139059830419
106,H,-0.6700207255626957
106,I,-1.482172296827699
106,K,-1.4050200375091642
106,L,-1.820074671687852
106,M,-1.373768792936648
106,N,-0.41851605336201203
106,P,-1.541174794199269
106,Q,-1.579356333881414
106,R,-1.1808572993691924
106,T,-0.5623484500611153
106,V,-1.1764522823428105
106,W,-1.6235100671407414
106,Y,-1.1754806960336686
107,A,-0.5235270453166673
107,C,-1.2524902079909515
107,D,-1.053626596997386
107,E,-0.49001804793923825
107,F,-0.8364131277239379
107,G,-0.9480659890592784
107,H,-0.5201880987472695
107,I,-0.6668937940407906
107,K,-0.47397646508291325
107,L,-0.5068806449249315
107,M,-0.7291772653353774
107,N,-0.8859756056600983
107,Q,-0.5244500795959013
107,R,-0.5420937405203945
107,S,-0.5509162604363244
107,T,-0.4758850740815889
107,V,-0.4699716790606759
107,W,-1.025231481036208
107,Y,-0.46114440558110514
108,C,-0.291934653296127
108,D,-0.5397528830024303
108,F,-0.4044382835457699
108,G,-0.49221217507996645
108,H,-0.37577489649595786
108,K,-0.4354750739228018
108,N,-0.48446406687021915
108,P,-1.6192947132007394
108,R,-0.4064005840963762
108,S,-0.31010104246710263
108,W,-0.36955153738970536
108,Y,-0.3415110297674616
108,A,-0.24074323365522077
108,Q,-0.2905451013500153
108,T,-0.2581642529586088
109,D,-1.7690482771318372
109,E,-1.766119559275388
109,F,-1.5618532512104393
109,G,-0.9381613332004451
109,H,-1.7521218373931426
109,I,-0.6291576184418557
109,K,-1.8293443803709144
109,L,-0.310492114348475
109,M,-0.8246263590369493
109,N,-1.1687140120296746
109,P,-1.7731875977601985
109,Q,-1.7689580707952972
109,R,-1.8286912090073728
109,V,-0.293108952037805
109,W,-1.7219716518838348
109,Y,-1.5981348807877729
109,C,-0.24954545498222058
110,C,-0.39854202261405264
110,N,-0.05031862566653282
110,P,-0.3892054082691313
110,W,-0.2581470457530273
110,Y,-0.1870916301372994
110,F,-0.2414682132806072
110,K,-0.05031862566653282
111,C,-0.3723571085453899
111,I,-0.1318195368315242
111,P,-0.3716177306176508
112,C,-0.3655384277107944
112,D,-0.9560638758516605
112,E,-0.38676795688363486
112,I,-0.9448802880058226
112,L,-0.25694857589995157
112,P,-1.1851116276891132
112,T,-0.5026033088316496
112,V,-0.5700547960155894
112,W,-0.28900140481472303
112,Q,-0.2197979661122297
113,D,-0.5552197438410724
113,E,-0.3771033466548183
113,G,-0.4473545393098935
113,K,-0.2632941781466544
113,N,-0.5948448482327423
113,P,-0.4016700507274958
113,R,-0.3354018437159439
113,A,-0.21378085393086463
113,C,-0.22935020683347107
113,S,-0.22029196986780833
115,A,-0.13404366119733807
115,C,-0.22703143704608794
115,E,-0.05031862566653282
115,F,-0.2160060597154497
115,H,-0.1337084930947249
115,L,-0.19756570745792967
115,N,-0.1109121427561549
115,P,-0.3240850401275554
115,Q,-0.05031862566653282
115,R,-0.13549574789295313
115,T,-0.05031862566653282
115,V,-0.19040284795385407
115,W,-0.23176313736401954
115,Y,-0.13299992117128043
116,A,-0.5822238564919328
116,C,-1.0995424819792794
116,D,-1.0539566004924326
116,E,-1.2083438129373818
116,F,-0.5540815028586357
116,H,-0.7975769143457397
116,I,-1.5042465676127068
116,K,-0.4866571690613313
116,L,-1.1862113624701032
116,M,-1.1191454293811411
116,N,-0.8353082216734701
116,P,-1.1509330906117645
116,Q,-1.1286405015740726
116,R,-1.2189408051584192
116,S,-0.5524034790425233
116,T,-1.1088790196190774
116,V,-1.1953014535564375
116,W,-1.100671963653904
116,Y,-0.8908053195133293
117,A,-0.538183281067527
117,C,-0.8661994313848214
117,D,-1.5845732173024252
117,E,-1.209390009375307
117,F,-1.1867407098460478
117,G,-1.4017454122153057
117,H,-1.2305340727619234
117,I,-0.31466348137200334
117,K,-1.2728214421822228
117,N,-1.2067566425186436
117,P,-1.607505600302639
117,Q,-0.3881211085446572
117,R,-0.9399986888952504
117,S,-1.0200826452715694
117,T,-1.1092807753547023
117,V,-0.546222823172848
117,W,-1.644965427694249
117,Y,-1.227125037834327
118,A,-0.4568018496213319
118,C,-0.5081594049756426
118,D,-0.3312592658630192
118,F,-1.140027967239118
118,G,-1.0803391081316087
118,H,-1.089362971778817
118,I,-0.50160127621546
118,K,-0.51332259402501
118,L,-0.3438143538758293
118,M,-0.38870662762025915
118,N,-0.2916838475214198
118,P,-0.5439851607588473
118,Q,-0.2759510938202992
118,R,-0.8245843291633543
118,V,-0.4992354967791372
118,W,-1.5077553586844257
118,Y,-1.0245985694774216
119,A,-1.1109073439813562
119,C,-1.119786626372031
119,D,-1.8204731124341407
119,E,-1.4169160137713166
119,F,-1.0766221904328723
119,G,-1.5443422958214086
119,H,-1.230504751594361
119,K,-1.5648116554855218
119,M,-0.10025224573751214
119,N,-1.1412971932397173
119,P,-1.0963016917870712
119,Q,-1.1917906689239501
119,R,-1.5974011405617896
119,S,-1.3211399522020326
119,T,-0.4548359155125769
119,W,-1.6161497042034698
119,Y,-1.1625113639352138
119,I,-0.07428598185033096
119,L,-0.1473287815115754
120,I,-0.26947299443226913
120,P,-0.9524240489727077
121,A,-0.2218012902448346
121,C,-1.0682312719420746
121,F,-1.5429520890312456
121,H,-0.3590296841014134
121,I,-1.6692612775190878
121,K,-0.4653988836018709
121,L,-1.478330639012528
121,M,-0.5309825009043156
121,N,-0.29913112866818353
121,P,-1.8472114629264722
121,R,-0.567364311329023
121,S,-0.24351316448672392
121,T,-0.9525234522775128
121,V,-1.5877515828923174
121,W,-1.5438389308167897
121,Y,-1.1582698621147998
122,A,-0.5368695303725523
122,C,-0.8846583032700371
122,D,-1.8778580680967483
122,E,-1.8086363797108462
122,F,-1.1301139016329942
122,G,-1.5044402849426919
122,H,-1.2050630631979913
122,I,-0.5156541673642784
122,K,-1.8584914221534485
122,M,-0.23025053464113412
122,N,-1.546827262942294
122,P,-1.9171800608527572
122,Q,-1.4573539028386158
122,R,-1.9317165726178538
122,S,-1.1908295528727535
122,T,-1.1317712507084026
122,V,-1.016533166924745
122,W,-1.8452237500378825
122,Y,-1.5299168590541439
123,A,-0.4539994526568322
123,D,-1.8537835142012724
123,E,-1.762025252895483
123,F,-1.7644313405782914
123,G,-1.0226537098861908
123,H,-1.8488368110819429
123,I,-0.9924973537134196
123,K,-2.0168002750321166
123,L,-0.5248293298031453
123,M,-0.44017827142645066
123,N,-1.6554657433659856
123,P,-1.8656794638776644
123,Q,-1.532846625567183
123,R,-1.8936444887106112
123,S,-1.1008010944948352
123,T,-1.4500623179338392
123,V,-1.1902250135747778
123,W,-1.8933073445066557
123,Y,-1.9121046645917608
124,C,-0.30567228850244554
124,M,-0.20370709612949994
124,P,-1.3501031120616203
124,D,-0.05031862566653282
124,E,-0.05031862566653282
124,F,-0.21833043878767425
124,K,-0.1412883057546959
125,C,-0.4351584143833113
125,D,-1.4306196952967989
125,E,-1.1831415352502221
125,F,-1.1832239670577147
125,G,-0.5046031593914788
125,H,-1.1787190989751197
125,I,-1.0576528345142713
125,K,-1.5611493170734272
125,L,-1.146085671991565
125,M,-1.2417571905578546
125,N,-1.1155654174613197
125,P,-1.8470508619065606
125,Q,-1.1662337584629496
125,R,-1.649931531450194
125,T,-0.5107732324853134
125,V,-0.47896657613002586
125,W,-1.4303175614067514
125,Y,-1.2134929497571778
125,S,-0.23993418662412383
126,C,-0.36101309954826183
126,D,-1.804601522680507
126,E,-1.8340246436322865
126,F,-1.9324366262408892
126,G,-0.4389264039554081
126,H,-1.9401357820636518
126,I,-1.0380438541340204
126,K,-1.9801439112045247
126,L,-1.218503609828524
126,M,-0.6256409380560233
126,N,-1.1381724671425268
126,P,-1.9355856309053385
126,Q,-1.5019791016016277
126,R,-1.9263150046047033
126,V,-0.3981657099085552
126,W,-1.9382949139464347
126,Y,-1.965335663525405
127,A,-1.152745765472009
127,C,-0.3706375033941392
127,D,-1.8868156166522108
127,E,-1.8057182983283127
127,F,-1.6174396640535953
127,G,-1.7623805740251628
127,H,-1.336465186650946
127,K,-1.9864083837532884
127,N,-1.3324642194325875
127,P,-1.9441481162719287
127,Q,-1.5464786696665156
127,R,-1.9773361793384567
127,S,-1.3347096308446311
127,T,-0.49739225186664093
127,W,-2.044260392014944
127,Y,-1.8973999098148608
128,C,-0.18498241395553486
128,D,-0.4449277902570335
128,F,-1.3740053550513422
128,H,-0.5145199752299211
128,I,-0.30328659371815336
128,K,-0.4519476474926175
128,L,-0.3497885677776466
128,M,-0.20851168410666182
128,N,-0.43709341484955483
128,P,-1.4757685389875512
128,R,-0.46671548196337653
128,V,-0.2480301441371941
128,W,-1.1297033076691188
128,Y,-1.1851078605666008
128,A,-0.15435331362964266
128,E,-0.05031862566653282
128,G,-0.05031862566653282
128,Q,-0.23539718346502916
129,A,-0.3163851139927436
129,C,-0.2728656094161181
129,D,-0.3643054301760209
129,G,-0.4871102999897237
129,H,-0.3205161920684073
129,K,-0.292894687446363
129,N,-0.33131548966303376
129,P,-1.677834176733699
129,S,-0.28822561481036857
129,E,-0.21886973113066083
129,F,-0.2688902147854752
129,L,-0.05031862566653282
129,Q,-0.1595785432351433
129,R,-0.23710153318975677
129,W,-0.05031862566653282
129,Y,-0.22130564168577466
130,A,-1.8990345501570483
130,C,-1.9523732581357929
130,D,-2.0081736254893015
130,E,-2.0475019271062216
130,F,-1.9643717984365845
130,G,-1.4034398536049948
130,H,-1.9694834990913899
130,I,-1.967428164229458
130,K,-1.9786412269706422
130,L,-1.9514641639995531
130,M,-1.9387290555907086
130,N,-1.9440994316190192
130,P,-1.9203842639697581
130,Q,-2.0567622381255464
130,R,-1.9634858266589255
130,T,-1.6329415286319005
130,V,-1.9128937846179175
130,W,-1.9764825220161313
130,Y,-2.058148789597972
131,A,-1.9355096649161743
131,C,-1.6267538588307016
131,E,-1.6732856372772256
131,F,-1.9212557546357818
131,G,-1.8674950558729568
131,H,-1.893780515999517
131,I,-1.937819234528073
131,K,-1.9056427783485803
131,L,-1.919113083972427
131,M,-1.997878073745996
131,N,-1.8110651261320698
131,P,-1.9484931792315892
131,Q,-1.9269554966766618
131,R,-1.9216147084884982
131,S,-1.7855642996916068
131,T,-1.9274493548141651
131,V,-1.9115593084234246
131,W,-1.9399295131570518
131,Y,-1.9909679765584585
132,A,-1.4002068796731244
132,C,-0.5722022436949761
132,D,-1.121566605984128
132,E,-1.7683903709328528
132,F,-1.9824673370510233
132,G,-0.98035799376151
132,H,-1.81357833420336
132,I,-1.8840584399452283
132,K,-1.8873635618089903
132,L,-1.6842521064231823
132,M,-1.6762158149937483
132,P,-1.8225964990771852
132,Q,-1.2129870397342386
132,R,-1.8939849632482988
132,S,-0.5235289576339202
132,T,-1.4758832668947384
132,V,-1.7226535287039626
132,W,-1.9051051938835002
132,Y,-1.9078694246811934
133,D,-1.5553893397183607
133,E,-1.4560800127456475
133,F,-0.6387494078346329
133,H,-1.0961478998442777
133,I,-1.5830595790703754
133,K,-1.5428029698711863
133,L,-0.47618868826732474
133,M,-0.8574107187919292
133,N,-1.1170779348019306
133,P,-1.1720392280151308
133,Q,-1.2494924596481243
133,R,-1.528649869393893
133,V,-0.5108874288515208
133,W,-1.1697234511977341
133,Y,-1.007710890172588
133,C,-0.23333080095530584
134,C,-1.419233333503548
134,D,-1.9321038321069663
134,E,-1.877457659390321
134,F,-1.953546702340544
134,G,-1.0569839995164223
134,H,-1.9323050747496486
134,I,-2.0475781207212664
134,K,-2.007258265962274
134,L,-2.0591486217155395
134,M,-1.904690443085893
134,N,-1.9730919704652945
134,P,-1.8964354468679274
134,Q,-1.8871781470959577
134,R,-2.0916655626636316
134,S,-0.4075158101762497
134,T,-1.540151598069731
134,V,-1.7761908693413762
134,W,-2.016884150681304
134,Y,-2.0100420622262547
135,C,-0.6268787365796882
135,D,-1.8220878499295237
135,E,-1.8759972242083107
135,F,-1.6616693588042915
135,H,-1.826484939494702
135,I,-1.8621317640795674
135,K,-1.9036796309412503
135,L,-1.9612552484965686
135,M,-1.8776993496850285
135,N,-1.668830539721759
135,P,-1.4940385381253514
135,Q,-1.939619124152979
135,R,-1.9833812603603536
135,V,-1.44723442097436
135,W,-2.0422548504533093
135,Y,-1.8707503703702462
136,A,-1.3498424225541903
136,C,-1.223624059098696
136,D,-0.913637693495976
136,E,-1.6895337683840994
136,F,-1.423057693702341
136,G,-1.3746585831140428
136,H,-1.3097041694814788
136,I,-1.381703851037614
136,K,-1.3667548895012938
136,L,-1.6331750004729009
136,M,-1.3859271091467336
136,P,-2.0202361397477637
136,Q,-1.3148045885773654
136,R,-1.3596845666048558
136,S,-1.3371437161699846
136,T,-1.1399132495494912
136,V,-1.3021581116987342
136,W,-1.6452463842844203
136,Y,-1.3621654255385502
137,A,-0.5657649285308618
137,C,-0.8942525587496982
137,D,-1.8213098507228145
137,E,-0.5458772521182171
137,F,-0.416124733722267
137,G,-1.4750857505660262
137,H,-1.0984724454248445
137,K,-0.49971438568853116
137,N,-1.1868318550226855
137,P,-1.9528582913841472
137,Q,-0.4157766331267868
137,R,-1.1088740747483297
137,S,-1.0491503764379873
137,T,-0.584495725448293
137,W,-1.462331610305777
137,Y,-1.1434320871660009
138,A,-0.55996333277623
138,C,-1.1632667168046178
138,D,-1.975181153186689
138,E,-1.8223979883496628
138,F,-1.795282289565637
138,G,-1.5676215041665724
138,H,-1.8446766225197586
138,K,-1.9935742625896162
138,M,-0.4085532726593223
138,N,-1.7561904105991712
138,P,-1.9756015235203077
138,Q,-1.753737800014179
138,R,-2.0052430290656975
138,S,-1.5423842529383083
138,T,-1.2039373138292837
138,V,-0.3585379729445817
138,W,-2.130587633910421
138,Y,-2.249424086668267
139,A,-0.5856836532817159
139,C,-0.6026887857578394
139,D,-1.6915699439297855
139,E,-1.1041529811325768
139,F,-0.36709659522933397
139,G,-1.0968536085424214
139,H,-1.2440412049229737
139,K,-1.6998455237520218
139,N,-1.09000772134875
139,P,-1.933896483442664
139,Q,-0.975615339217553
139,R,-1.8231838498360322
139,S,-0.5977893198690346
139,T,-0.3933512525232711
139,V,-0.317618867561299
139,W,-1.2290958762925352
139,Y,-0.26719124376808867
140,P,-0.5300349315803989
140,C,-0.28547017355151283
140,F,-0.23147443987984279
141,F,-0.4568338266428222
141,K,-0.4035547759334422
141,P,-1.1442034013277989
141,W,-0.5290775650703005
141,Y,-0.44414253050675023
141,D,-0.2391683275480076
141,H,-0.26166333634433775
141,R,-0.22023074673483664
142,A,-0.4874320582363094
142,C,-0.47140416557071974
142,D,-1.6420712506202395
142,E,-1.1362598784105364
142,G,-1.0656064688265978
142,H,-1.166307973192687
142,K,-1.4586932516156093
142,N,-1.0861466877091224
142,P,-1.7463285386361702
142,Q,-0.4666754483495688
142,R,-1.45103056607697
142,S,-0.506335090203045
142,T,-0.4944207639792212
142,W,-1.0076611585725073
142,Y,-0.30630032534539753
143,A,-0.5763160525634999
143,C,-0.5725391762408266
143,D,-0.5626090738297008
143,E,-0.4616407999172953
143,F,-1.0758012981919338
143,H,-0.5132332714090547
143,I,-1.0867068577166141
143,K,-0.45398843104805336
143,L,-0.572979006533308
143,M,-0.4972387940581929
143,N,-0.3206121266734145
143,P,-1.2131753902228593
143,Q,-0.4118506525712536
143,R,-0.5120908450499498
143,S,-0.5089550942658012
143,T,-0.8967426877228131
143,V,-1.0316755561221433
143,W,-1.2175231882652067
143,Y,-1.0508708487285523
144,A,-1.0054818050946226
144,C,-1.240447261640425
144,D,-0.8242435610211233
144,E,-0.8593173136277216
144,F,-1.5239589818693495
144,H,-0.9000992601730673
144,I,-1.7205283900103108
144,K,-1.1598890280522425
144,L,-1.6044249502524308
144,M,-1.3918804628854324
144,N,-0.43248740837184496
144,P,-1.5828865857485908
144,Q,-1.0920640704730196
144,R,-1.1944403545163822
144,S,-0.5478621749014804
144,T,-0.5182644244986707
144,V,-1.5611077719317117
144,W,-1.6897793367676741
144,Y,-1.462788572919993
145,A,-0.4079270561543686
145,C,-0.5851170983325852
145,D,-1.405091759779913
145,E,-0.9977637036292099
145,F,-1.070077286247557
145,G,-0.6165566568312623
145,H,-0.30818870664004894
145,I,-0.8952871153983509
145,K,-1.2748876202051531
145,L,-1.065463437111774
145,M,-1.0612555169821134
145,N,-1.0232470133913203
145,Q,-0.4320166682960708
145,R,-1.1794444506532245
145,S,-0.551753011266068
145,T,-0.4070860030040273
145,V,-0.49898989444247155
145,W,-1.4665233205063262
145,Y,-1.3556155211146474
146,W,-0.22080814552976258
147,P,-0.24361026578566122
148,A,-0.49721919389892344
148,C,-0.5467513725183537
148,D,-1.9051699809344642
148,E,-1.5840156767270768
148,G,-1.1936575445743287
148,H,-1.4400684906868244
148,K,-1.8403407610785794
148,N,-1.556604793884815
148,P,-1.8686626981100376
148,Q,-1.026169556052825
148,R,-1.9139312536329476
148,S,-1.6093838557091658
148,T,-1.1029156594302447
148,W,-0.8485535012904645
148,Y,-0.8611349295006656
148,I,-0.3040151987098925
149,A,-0.4587807809016767
149,C,-0.22844005227410286
149,D,-0.35916784069967145
149,E,-0.2989408501725441
149,F,-1.3712786329862
149,G,-0.236050082267092
149,H,-0.437033271875581
149,I,-0.4347572702146442
149,K,-0.2761554165670868
149,L,-0.5573031413507608
149,M,-0.23001286871133395
149,P,-1.1416563470453174
149,W,-1.0519551335432484
149,Y,-1.2447886514662712
149,Q,-0.22769343317765947
150,P,-0.4574983263939782
151,A,-0.29366640107315556
151,C,-0.523213001999668
151,D,-0.5622517938419325
151,E,-0.442672209920053
151,G,-0.9724222779277809
151,H,-0.2900875484742875
151,K,-0.4427165780852863
151,N,-0.5553956375871013
151,P,-1.833078812939919
151,Q,-0.39476868150190325
151,R,-0.45225411079422845
151,S,-0.45164191296153827
151,T,-0.30426890266097456
151,V,-0.2607756533791643
151,L,-0.23270291014418934
152,C,-0.27041369048446573
152,D,-1.5857048737287072
152,E,-1.5827972803023687
152,G,-0.576927517906782
152,H,-1.027443512244162
152,K,-1.8194879126788246
152,N,-0.8579590285023686
152,P,-1.7757071418373374
152,Q,-0.5029237884745709
152,R,-1.8761475355550463
152,S,-0.5666246013756876
152,T,-0.2907294735164929
152,W,-0.5217988587424826
152,Y,-0.3115480385596169
152,A,-0.2128224180745919
153,P,-1.1009407080091744
154,P,-1.039433336339224
154,E,-0.11174954071990414
155,D,-1.1861869106660887
155,E,-0.4558824981165053
155,G,-0.3216215206086288
155,H,-0.28857269995771334
155,K,-0.45100078448026587
155,P,-1.7501608857790363
155,R,-0.44151178813592556
155,Y,-0.38390481921492803
155,N,-0.21919199666666
155,Q,-0.22374041887757562
156,A,-0.425099318469094
156,C,-0.5731529411871504
156,F,-1.1233923913314285
156,H,-0.3665763333848702
156,I,-1.5264816220472945
156,K,-0.4192794926343701
156,L,-1.0519555450018496
156,M,-0.8728976637458572
156,P,-1.0997612252151048
156,Q,-0.28557422701288626
156,R,-0.5048710458297416
156,S,-0.36756353221294275
156,T,-0.9423760391057422
156,V,-1.0723095388326953
156,W,-1.1878606801112261
156,Y,-1.0180758317200687
156,N,-0.2381448970759157
157,A,-1.6488520133436668
157,C,-1.5551174715338707
157,E,-1.1070571912516327
157,F,-1.7892263317865378
157,G,-1.7423723315110053
157,H,-1.771514651541509
157,I,-1.6635331679803462
157,K,-1.869615459912317
157,L,-1.832395810911532
157,M,-1.718500760898962
157,N,-0.7896586784752295
157,P,-1.7334412148671454
157,Q,-1.639695085558641
157,R,-1.8675162112691455
157,S,-1.5652081056258578
157,T,-1.689657413651631
157,V,-1.7127988488813766
157,W,-1.8715862455159835
157,Y,-1.8364743316070762
159,P,-1.4850497956019846
159,G,-0.24536942163624043
160,A,-0.5774180855496989
160,C,-1.3668882088536416
160,D,-1.7771303020627265
160,E,-1.8861680628355204
160,F,-0.538974139434585
160,G,-1.0732262602488174
160,H,-1.6477654191697597
160,I,-1.3871478197814395
160,K,-1.9715266214463678
160,L,-1.6960693784600405
160,M,-1.4145001902717487
160,N,-1.6128448978842094
160,P,-1.8201840734180394
160,Q,-1.7280685675268896
160,R,-1.9708163804148062
160,V,-1.1184024397918
160,W,-1.8254915927162196
160,Y,-1.7656450235101708
161,A,-0.6088378839136396
161,C,-0.5170729664466522
161,D,-1.4573325504499794
161,E,-0.612275958771271
161,F,-0.4141961010439256
161,G,-1.0801023208094132
161,I,-0.46562790353570455
161,K,-0.20998108196196769
161,L,-0.6639436139746763
161,M,-0.6178129617570024
161,N,-0.40855669969202235
161,P,-1.8681365383164301
161,S,-0.2704346362731371
161,V,-0.488507543270863
161,W,-0.5065878003162776
161,Y,-0.5102692092024694
161,T,-0.2485408205494563
162,D,-1.5007100260966688
162,E,-1.5375082117195689
162,F,-0.2914102654648361
162,G,-1.130153551219348
162,H,-0.6100864217411625
162,K,-1.7027057074502656
162,N,-0.6704250464959751
162,P,-1.0576152068750657
162,Q,-0.6907060254350821
162,R,-1.8281907282576255
162,W,-1.6916911008284492
162,Y,-1.5289058286444588
162,S,-0.21804000665260598
162,T,-0.23579995953832192
163,A,-0.5628430219914015
163,C,-0.5587815970543081
163,E,-0.3653132415418594
163,F,-1.3282629090097309
163,G,-1.3520297905260417
163,H,-0.6944582488934473
163,I,-1.0942298043262009
163,K,-1.396228039530963
163,L,-1.3967258577576533
163,M,-0.8506250279625296
163,N,-0.30194297701147393
163,P,-2.011928967174888
163,Q,-0.6407750537285432
163,R,-1.4694566118574834
163,S,-0.4415797287462644
163,T,-0.5129276953458215
163,V,-0.5113258703382693
163,W,-1.426932991545768
163,Y,-1.0780906931045409
164,A,-0.7977303740661704
164,C,-0.7114082823205147
164,D,-0.5965664410902786
164,E,-1.0176501053622877
164,F,-1.3692379381866246
164,G,-0.47719971374296405
164,H,-0.26541048979209303
164,I,-1.7475428430012843
164,K,-0.5031784584610547
164,L,-1.1982664094490014
164,M,-1.022009028873424
164,P,-1.9033564853380112
164,Q,-0.36812345555603665
164,S,-0.2668619200670808
164,T,-0.39218872670489896
164,V,-1.582890922991761
164,W,-1.5917053026549344
164,Y,-1.474352422897694
164,N,-0.250512108242937
165,A,-0.24131933168113026
165,D,-0.3093760569213447
165,E,-0.23298003751297527
165,G,-0.32194403354907397
165,H,-0.2380717264943313
165,K,-0.22017823728832847
165,P,-0.298480855402985
165,Q,-0.24117149807550853
165,S,-0.23705578694271903
165,C,-0.22363695305759676
165,L,-0.21409151371462978
165,R,-0.2305857608553877
166,A,-2.011432739536751
166,C,-2.1306134825499887
166,D,-1.7513452164985581
166,F,-2.0091394699078866
166,G,-1.9610798747336593
166,H,-2.0244375860840633
166,I,-2.112837347306547
166,K,-1.8504303371104192
166,L,-2.01680271930181
166,M,-2.205737369498297
166,N,-1.9417912756717128
166,P,-1.9904484067596826
166,Q,-2.1893126674103187
166,R,-1.9969661285773925
166,S,-1.9786201320108179
166,T,-1.9923353547678164
166,V,-2.0689860585256574
166,W,-2.0263824056900477
166,Y,-1.39450841006684
167,A,-0.41157311530111645
167,C,-0.4206765362580495
167,D,-0.504050335803982
167,E,-0.5513017602176066
167,F,-0.9613640874867699
167,G,-0.7602389093683353
167,H,-0.5105604956710118
167,I,-0.28179606898350434
167,K,-0.4821673103675359
167,L,-0.24052077540840308
167,M,-0.4634566724766226
167,N,-0.33200396192867876
167,Q,-0.4621877615751912
167,R,-0.4995674019381246
167,S,-0.4334277580554299
167,V,-0.23621936484030345
167,W,-1.0990514211682454
167,Y,-0.91878910159453
168,P,-0.6182084972230102
169,A,-0.3766653227057142
169,D,-1.691690122500319
169,E,-1.6511864130256952
169,F,-1.3050160210284096
169,G,-1.3020267125227056
169,H,-1.530810865987427
169,K,-1.757898102516355
169,N,-0.9101406074068085
169,P,-1.435446986795252
169,Q,-1.3510156659015669
169,R,-1.8249891819696373
169,S,-1.1204248346715444
169,T,-0.35341128512954945
169,W,-1.8905448370657978
169,Y,-1.9216127625307355
170,A,-0.4522258154362056
170,C,-0.5964287456046997
170,D,-0.839711816921551
170,E,-1.2790190411002906
170,F,-1.7147130169735534
170,H,-1.3271558859349173
170,I,-1.0374505014053557
170,K,-1.5943580291218409
170,L,-1.3533060699884734
170,M,-1.0601275320978403
170,P,-1.6900984035469815
170,Q,-0.733480101028394
170,R,-1.1898646325990285
170,S,-0.3687276326490426
170,T,-0.43714440609309674
170,V,-0.8145468714951691
170,W,-1.528200887962544
170,Y,-1.6639693690741832
171,P,-0.88034583387389
171,Y,-0.2113769693764981
171,F,-0.21624306905514884
171,I,-0.2261683508667438
172,D,-0.4248048742779695
172,E,-0.5304349969805523
172,F,-0.24734398259623663
172,I,-0.2756389232360902
172,K,-0.8507528274153164
172,L,-0.3774948050278302
172,M,-0.30801063336049145
172,N,-0.2299445244878424
172,P,-0.27631354204831166
172,Q,-0.5129606454065161
172,R,-0.3573463784586376
172,T,-0.3219475812399021
172,H,-0.3114654240405674
172,V,-0.23436168358077641
173,P,-0.30197487618624586
173,C,-0.20941171460032215
173,D,-0.22557057581037687
173,F,-0.16026055707897563
173,H,-0.25025763582833244
173,K,-0.21403706167580228
173,L,-0.2141864910600242
173,M,-0.2512100291340568
173,Q,-0.22407490025838173
173,T,-0.22371097126169973
173,Y,-0.21303058172182374
174,C,-0.23771365796000485
174,F,-0.21080072544337275
174,G,-0.240972874171659
174,W,-0.23843855908960873
175,I,-0.22990732441805706
175,P,-0.559530050042206
175,V,-0.21519679163420297
176,A,-1.029156228166062
176,C,-0.47657070203566176
176,E,-0.3204203869068481
176,F,-1.432462570850676
176,G,-0.8718622514070916
176,H,-1.2060229845133046
176,I,-1.2901297857925524
176,K,-1.4151353046849746
176,L,-1.2937969541010212
176,M,-1.1724314169374963
176,N,-0.8738698199656301
176,P,-1.5675985582831435
176,Q,-0.8790522159046855
176,R,-1.4708356467698247
176,S,-0.4956399406231555
176,T,-1.0092993604468405
176,V,-1.2093585101100863
176,W,-1.5080354857494582
176,Y,-1.4026994601761091
177,G,-0.23646916358404163
178,A,-0.3486777408030811
178,C,-0.2957452717577171
178,D,-0.5847457649899023
178,E,-0.43465783001284647
178,F,-0.41064311690352195
178,G,-0.592434773954542
178,H,-0.3164809839216197
178,I,-0.9141059226499215
178,L,-0.3299571969111699
178,M,-0.3154696664713282
178,N,-0.3289074594674036
178,P,-1.3062585741346446
178,S,-0.3097876138292779
178,T,-0.8612282951744953
178,V,-0.8184781461049316
178,W,-0.46821741762652125
178,Y,-0.4005890099310927
178,K,-0.23755811952375955
179,A,-1.7059777802228617
179,C,-1.3598309009106646
179,E,-1.6040143332234569
179,F,-1.9737117150637917
179,G,-1.6617588034452262
179,H,-1.9641069750081073
179,I,-1.923367942837855
179,K,-2.047674329851188
179,L,-1.9716718591096287
179,M,-1.9832339266925767
179,N,-1.350276502639656
179,P,-1.9887863764216476
179,Q,-1.8970967092089848
179,R,-1.9994524045651718
179,S,-1.6283980748432072
179,T,-1.8546106651554006
179,V,-1.9555151392248404
179,W,-1.937671786444895
179,Y,-1.914085795832948
180,A,-1.0077262836165644
180,C,-0.5436949513332786
180,D,-1.505580737166202
180,E,-1.5372069721889166
180,F,-1.5370139438367822
180,G,-1.315032405919623
180,H,-1.5359335705052934
180,I,-1.1057108282192118
180,K,-1.549190311206515
180,L,-1.501042595585027
180,M,-1.3708954431208968
180,N,-1.1863432264056548
180,P,-1.9337527269925587
180,Q,-1.2250432439874535
180,R,-1.5973015173512026
180,V,-1.0312222613360076
180,W,-1.821262385315353
180,Y,-1.5770080605891934
181,A,-1.1628858597182283
181,C,-1.0108386309781534
181,D,-1.9981588602701361
181,E,-2.0790338944691307
181,F,-1.8690455673869204
181,G,-1.7400890794812396
181,H,-1.8871692434046345
181,I,-1.6117753560838675
181,K,-1.9628672901700037
181,L,-1.7725544066281997
181,M,-1.5267622794729647
181,N,-1.9505268298979455
181,P,-1.8413234356856134
181,Q,-1.9648533806014834
181,R,-1.9345546521477537
181,S,-0.21950942601899737
181,V,-1.4006196070229389
181,W,-2.0636096159915858
181,Y,-1.915021136340878
182,D,-0.25225795694831915
182,I,-0.2018196787703485
182,L,-0.24479849883914367
182,P,-1.1763320439329352
182,F,-0.24746925984854998
182,G,-0.22191337518891383
182,Y,-0.22099697254109466
183,A,-0.46666875396456525
183,C,-0.4513982394223033
183,D,-2.0393477936299953
183,E,-1.9392005766418772
183,F,-1.9708054564195108
183,G,-1.1904333575942687
183,H,-1.8736865133525802
183,I,-1.1487878260809399
183,K,-1.9396784639296971
183,L,-1.2687361652050206
183,M,-1.4817786351786988
183,N,-1.8033672805069039
183,Q,-1.9671758289113233
183,R,-2.0924976260719665
183,S,-1.1310244578615778
183,T,-0.9658786940100795
183,V,-0.4011550861095611
183,W,-1.974930333188244
183,Y,-2.0001056993860975
184,D,-0.2575318770485704
184,P,-0.5369240414338264
185,C,-0.2750511579280471
185,D,-0.4791901105633601
185,G,-0.380114469069062
185,L,-0.4993797573859649
185,P,-0.4412120918021109
185,W,-0.3082005650805743
185,F,-0.2528076171233014
185,K,-0.21613711676865163
185,R,-0.21516543718248837
186,A,-0.5245805396979424
186,C,-0.5592647684978775
186,D,-1.9718308069353245
186,E,-1.7680215125307872
186,G,-1.5858856000495782
186,H,-1.498444934430371
186,K,-1.6630894461483245
186,L,-0.4149967920044115
186,N,-1.6252471226936969
186,P,-1.8978337487641443
186,Q,-1.1295885320888102
186,R,-1.8602754869246596
186,S,-1.2899069646863823
186,T,-1.3391713684313769
186,V,-0.22127243064402255
186,W,-1.747628835536844
186,Y,-0.27494698432863407
186,F,-0.2106705506096303
187,C,-0.5038872316481688
187,D,-1.8662269074786395
187,E,-1.835212179240581
187,F,-1.9525756929292557
187,H,-1.8948890937853307
187,I,-1.2534584164919211
187,K,-1.8719457497676906
187,L,-1.5807089608085263
187,M,-1.4410103932663594
187,N,-1.8230273622960496
187,P,-1.8712682925626847
187,Q,-1.7843567788855494
187,R,-1.8988792231956382
187,S,-0.2917644634314783
187,T,-1.2536253513847366
187,V,-0.5200900533059708
187,W,-1.9410767280837895
187,Y,-1.9359050149563923
188,P,-0.3728748794211101
189,A,-0.2756051125245167
189,C,-0.3483385830767364
189,E,-1.2157538242248236
189,F,-0.6105128495006563
189,G,-0.31611320419915884
189,H,-0.8632370722310508
189,I,-0.29287080374354457
189,K,-1.1020840351767711
189,L,-0.2724015493690188
189,M,-0.29101108300078987
189,P,-1.8409169618356727
189,Q,-0.5495287007693201
189,R,-1.4613850603373526
189,V,-0.3118535451845525
189,W,-1.0377280044156774
189,Y,-1.197225057311066
190,A,-0.418681637715003
190,C,-0.39467670971723096
190,D,-1.7938077188277286
190,E,-1.7108107430562054
190,G,-1.1651659790333617
190,H,-1.2376380826882456
190,K,-1.761735522577414
190,N,-1.4080150584859767
190,P,-1.927770778148372
190,Q,-1.3876556778287856
190,R,-1.9418798233729009
190,S,-0.6007127882331021
190,T,-0.22538492518157863
190,W,-1.1146518821558944
190,Y,-0.40074817033780086
191,D,-0.40637894474559316
191,I,-0.3924067378115836
191,P,-1.4463726840499194
191,E,-0.2422903402059741
192,P,-1.1910683515389529
192,F,-0.2508386913920992
192,W,-0.23360429734051505
193,A,-0.5696196739049446
193,C,-0.4993704153834843
193,D,-1.783691718624848
193,E,-1.4622628551276666
193,G,-1.5664401547170084
193,H,-1.127285172179029
193,K,-1.608592446325578
193,N,-1.4095717617837893
193,P,-1.8653209732504683
193,Q,-1.114497608452485
193,R,-1.8768721520274971
193,S,-1.2323368653036249
193,T,-0.5126046391336141
193,W,-0.5748589843842664
193,Y,-0.5040018743068679
193,V,-0.2562048538059699
194,A,-0.5041852203517598
194,C,-0.3894262478638558
194,D,-1.8015427539855997
194,E,-1.5743203190845032
194,G,-1.3854345491072995
194,H,-1.080652867983404
194,K,-1.6002531515698006
194,N,-1.4419669982676702
194,P,-1.9106813149935034
194,Q,-1.180652626950835
194,R,-1.7930955229172905
194,S,-1.0495079135177026
194,T,-0.34424547229052505
194,W,-0.365986876676581
194,Y,-0.3666180769615987
195,P,-1.6558605527456252
196,F,-0.31581264063163855
196,I,-0.5449962337056593
196,L,-0.32495080988173286
196,V,-0.464679852212807
196,W,-0.41261220749124494
196,Y,-0.31939865865050243
196,R,-0.24566381660236458
197,F,-0.42939787797839174
197,I,-0.3618266711506719
197,L,-0.3877118143259884
197,M,-0.3514011544942685
197,V,-0.33275727454380655
197,W,-0.3717654208771503
197,Y,-0.2895364976941701
197,C,-0.22348328374973972
199,A,-0.9934196225409737
199,C,-1.0599506099673797
199,D,-1.3173145715883658
199,E,-1.1372025277351658
199,F,-0.5316665203606529
199,G,-1.053358613092953
199,H,-0.5383788097711716
199,I,-0.2840881424753533
199,K,-0.5570471786633494
199,M,-0.2799166203360664
199,N,-0.9534869466943144
199,P,-1.1399876981632995
199,Q,-0.9101685461907534
199,R,-0.6111832989283665
199,S,-0.5649887706305099
199,T,-0.9659232998545447
199,V,-0.5123443349865269
199,W,-1.2449883796298002
199,Y,-0.8729327826745746
200,F,-0.5068663053551854
200,I,-0.5554206406697801
200,L,-0.298895688959838
200,M,-0.24462508948009906
200,P,-0.5320364881636307
200,V,-0.42029303324288675
200,W,-1.130046062811897
200,Y,-0.498212521621812
200,D,-0.2263819213047571
202,W,-0.40155418080173405
202,F,-0.21519657361384048
203,C,-0.34574210063544536
203,D,-1.4230728759696996
203,E,-1.5860827107406732
203,F,-1.0594547928049496
203,I,-1.2645568015786186
203,K,-0.4905222934552179
203,L,-0.4610051102511188
203,P,-1.2108123000951216
203,Q,-0.5081925025393729
203,R,-0.46146861928551436
203,T,-0.3269655065824922
203,V,-1.0843299863451181
203,W,-1.2360956256278868
203,Y,-0.49620061481338634
203,H,-0.2621468388003949
203,N,-0.23910848993758232
204,C,-0.254412754716979
204,D,-1.3517280269889562
204,E,-0.3369218642782694
204,F,-1.1428143880408386
204,G,-0.31250936373999527
204,H,-0.4457429956708937
204,I,-0.43530755549548855
204,L,-0.5000207944242705
204,M,-0.34917076081003207
204,N,-0.4018484788734051
204,P,-1.602423661813882
204,V,-0.2397684428924708
204,W,-1.1230587398432987
204,Y,-0.5486351710236369
205,C,-0.24312221814328666
205,F,-0.3048945737242239
205,P,-1.508814877443845
205,W,-0.28895711661840867
205,Y,-0.23281447042648004
206,D,-0.2623050017290418
206,F,-0.33193198184767087
206,G,-0.5912823813448164
206,K,-0.21744381398884158
206,P,-1.2842833673008238
206,W,-0.42723220606680506
206,Y,-0.25595858515797615
207,A,-1.2471819158237647
207,C,-1.333309910678885
207,D,-1.884086008942358
207,E,-1.5575692555833318
207,F,-0.641418401431821
207,G,-1.7932105390805169
207,H,-1.7441089406348302
207,K,-1.9078133668552226
207,N,-1.7181699832972148
207,P,-1.876156794522156
207,Q,-1.5346834413952184
207,R,-1.9132456014919037
207,S,-1.6537035095876085
207,T,-1.2957823766861982
207,V,-0.538139703356308
207,W,-1.1643245645438265
207,Y,-1.5931479580455608
207,I,-0.22871356293855866
208,D,-1.1835008996909697
208,E,-0.26859112623207415
208,G,-0.27751098650760164
208,H,-0.273615230353617
208,N,-0.2857337610122135
208,P,-1.7100113922114708
209,P,-1.465038040315756
209,I,-0.22038499072187626
210,A,-1.1613887697991836
210,C,-1.196982717971928
210,D,-0.5943464698682255
210,E,-1.200737344806954
210,F,-0.3708350264359049
210,G,-1.6048178982947823
210,H,-1.2004338354615307
210,I,-1.2604333432361794
210,K,-1.7418218053388368
210,L,-0.4621999507907717
210,M,-0.3676951541652045
210,N,-1.2366310521112762
210,P,-1.8527244041738533
210,Q,-1.3430648603299764
210,R,-1.6676524516280047
210,S,-1.2420754034833474
210,T,-1.2737219556075092
210,V,-1.4814341858403404
210,Y,-0.4691454780690552
211,A,-1.2019251047987611
211,C,-0.40729214911020795
211,D,-2.0073477108426854
211,E,-1.8392642448512782
211,F,-1.3204809742356884
211,G,-1.3196011534852328
211,H,-1.9112099495840016
211,I,-1.5146343640730386
211,K,-1.864381287182539
211,L,-0.3016381578147605
211,N,-1.8670919585576549
211,P,-1.9385908628344473
211,Q,-1.4222641100332423
211,R,-1.9478330343379333
211,S,-1.6093906255904735
211,T,-1.5001302235996055
211,V,-1.6307289047139715
211,W,-1.3576829294924182
211,Y,-1.8489140173880954
212,D,-0.2368933951287359
212,G,-0.2810419910252716
212,P,-1.7468392225906724
212,S,-0.2580629696858641
212,T,-0.2377014403458308
212,A,-0.2971406854905549
212,I,-0.05031862566653282
212,V,-0.2428766340171237
213,F,-0.2862849726095242
213,I,-0.31071151251567813
213,P,-1.0874076497428498
213,T,-0.23052458004804674
213,V,-0.30766200967547763
213,W,-0.3397333677794101
213,C,-0.29579163625447386
213,Y,-0.3127423601774388
214,A,-0.47475390785424526
214,C,-1.016079676106895
214,E,-1.0821925628795017
214,F,-1.1860418191242512
214,G,-0.39039139174778575
214,H,-1.1269592890784843
214,I,-1.1388106040301504
214,K,-0.5229930804856995
214,L,-1.2830709772463427
214,M,-1.1504242123728048
214,N,-0.37492047469992584
214,P,-0.5810163093921279
214,Q,-0.39333287845828435
214,R,-1.0118644049453078
214,S,-0.4500963851172762
214,T,-0.47011435058149015
214,V,-0.9488504116246237
214,W,-1.144136514560271
214,Y,-1.2425339945421585
215,C,-0.25424685609112885
215,D,-1.1850376654632804
215,E,-0.36253414965907244
215,F,-0.23653204778419973
215,G,-0.32215240373398546
215,P,-1.013064292484168
215,T,-0.23770564309702194
215,W,-0.35504136411592574
215,Y,-0.2449439539934195
215,A,-0.19816180588594326
215,H,-0.23103777288874108
215,I,-0.20045754884821498
215,M,-0.17700872099201856
216,A,-0.3588970675042014
216,C,-0.4201677904421145
216,D,-1.4716270214914318
216,E,-1.1421331663602368
216,F,-0.5377401038443101
216,G,-0.4893436941962501
216,H,-0.4778346910921531
216,I,-0.3428183819719357
216,K,-0.4088031759209273
216,L,-0.35299961610444386
216,M,-0.26778776280344896
216,N,-0.4458807561253014
216,P,-0.6100130931348667
216,Q,-0.44412055196896344
216,R,-0.48051693507904064
216,S,-0.3492676159759491
216,W,-0.5277088749015253
216,Y,-0.4606459665741659
216,T,-0.2257117709312152
217,C,-0.9944657468696483
217,D,-1.4927548318725443
217,E,-0.43363334295602124
217,F,-1.1538147422748406
217,G,-0.29850395054629736
217,H,-0.5024399239636298
217,I,-1.3113014694214302
217,K,-0.875903453357283
217,L,-1.28286910176088
217,M,-1.1817793577034075
217,N,-0.5472319053233334
217,P,-0.5041189606831112
217,Q,-0.9252166802669037
217,R,-0.531855672847357
217,S,-0.2597090542091242
217,T,-0.4263220497188518
217,V,-1.0279053625226133
217,W,-1.3383788863699857
217,Y,-1.0616959487589799
218,C,-0.5609823734757147
218,D,-0.39696787056156124
218,E,-0.3906780021653203
218,F,-0.48730187177211054
218,H,-0.34624653245180564
218,I,-0.5653413529449945
218,K,-0.30512149910917835
218,L,-0.33092349887219324
218,M,-0.2814832840664472
218,P,-0.48767783665435244
218,R,-0.36077307526632924
218,S,-0.3183730812783327
218,T,-0.3092246055717824
218,V,-0.503387427552345
218,W,-0.36148062916450374
218,Y,-0.421147816623097
218,A,-0.24624097953575752
219,C,-0.3657502364798785
219,F,-0.49045891529039315
219,G,-0.2745508147253098
219,I,-0.45001490669223937
219,L,-0.28483351114591515
219,R,-0.27850505804951536
219,W,-0.6900634924414237
219,Y,-0.3856410117157681
219,E,-0.259190260730822
219,M,-0.2265099517851967
219,S,-0.245589026475491
219,V,-0.2538662636894295
220,A,-1.1990468708477233
220,C,-1.0620730802811718
220,D,-1.2230971632928123
220,E,-1.4624922015948467
220,F,-1.2462034296422473
220,G,-1.175748125128683
220,H,-1.3185406743735373
220,I,-0.45012596142960964
220,K,-1.47457829879882
220,M,-0.2429366997483219
220,N,-1.316683409194648
220,P,-1.1927548144070068
220,Q,-1.2559057844069963
220,R,-1.5302733858140514
220,S,-1.371628688542663
220,T,-1.1968608854594849
220,V,-1.0645920517448715
220,W,-1.4540302291863383
220,Y,-1.4199743567062406
221,A,-1.179801405721621
221,C,-1.2602113098482859
221,D,-1.0820825432748913
221,E,-1.2319546667884187
221,F,-0.2851996375578954
221,G,-1.350824734652238
221,H,-1.2104018295714185
221,K,-1.195648821554281
221,M,-0.2963447782418986
221,N,-1.2002816516191521
221,P,-1.020291041814667
221,Q,-1.2025494469928604
221,R,-1.1895243071853125
221,S,-1.1906023124848768
221,T,-1.2517881625023455
221,W,-1.213415956913874
221,Y,-1.3560299211162419
221,I,-0.31128960877090667
222,A,-1.078402774920699
222,C,-1.1157493714266604
222,D,-1.3524136472617445
222,E,-1.2718551015932202
222,F,-1.2675707407376584
222,G,-1.1541478266328775
222,H,-1.0906017745222636
222,I,-1.2280752581850976
222,K,-0.5958379727507627
222,L,-1.1494196642925234
222,M,-1.2242049393684429
222,N,-1.2327387955217297
222,P,-1.4261684904906542
222,Q,-1.0354740513372709
222,S,-1.1217721604634603
222,T,-1.1916019697973108
222,V,-1.3010396592233997
222,W,-1.3633175986386077
222,Y,-1.3703914447387375
223,D,-0.2907409022892973
223,F,-0.27033119712230824
223,G,-0.21611877095824297
223,P,-0.310397384710229
223,W,-0.302698068908158
224,D,-0.41473580593618903
224,F,-0.29826806446003307
224,L,-0.42144506944657073
224,W,-0.4341756713756029
224,Y,-0.25638855509533126
224,M,-0.2864341028688053
225,A,-0.21150220654274093
225,D,-1.5981432444887083
225,E,-1.5116445706763402
225,F,-0.9264192130457595
225,G,-1.1753914251289497
225,H,-1.294291925264919
225,K,-0.5485941332507306
225,N,-1.1547071567767406
225,P,-1.4187385113084703
225,Q,-1.0142495272748226
225,R,-0.5534105341027568
225,S,-0.5341454923227541
225,W,-1.323271236954575
225,Y,-1.3123098478246877
226,A,-0.5363213952731783
226,C,-1.0555053124818383
226,D,-0.7660147921916033
226,E,-0.6792392776006574
226,F,-1.319631338501022
226,G,-0.432290667271177
226,H,-0.4814660344342602
226,I,-1.3160447942755864
226,K,-0.31303152700733267
226,L,-1.0534710543665724
226,M,-1.0788620958530002
226,N,-0.5924720017357097
226,Q,-0.49864309357011377
226,R,-0.49146687292311925
226,S,-0.47172127494496
226,T,-0.45705182096276764
226,V,-1.15470328891944
226,W,-1.1042891444549634
226,Y,-1.2396080332243602
227,K,-0.08575427496131509
228,A,-0.26993900371755697
228,C,-0.3555152983648809
228,F,-0.46181055705724694
228,I,-1.397070518509138
228,K,-0.16506152166248608
228,L,-0.6625333455535959
228,M,-0.5139762000745967
228,P,-0.4888920796791223
228,V,-1.1826544787303699
228,W,-0.5327786361287896
228,Y,-0.4370098684993051
229,A,-1.4224996223317485
229,C,-1.6281006374191493
229,D,-1.9258988985988579
229,E,-1.930438007700554
229,F,-0.34671664410786124
229,G,-1.6362721000749343
229,H,-1.528896747292465
229,I,-1.6748656369380952
229,K,-1.9559949610718066
229,L,-1.7951644130190338
229,M,-1.3241011413190036
229,N,-1.91182137842671
229,P,-2.1997310090531803
229,Q,-1.850271174124021
229,R,-1.9427195354584623
229,S,-1.5627909849281412
229,T,-1.5701599886144482
229,V,-1.656277361486476
229,Y,-0.8333099704255739
230,A,-0.3190133960781469
230,C,-0.46754533509456675
230,D,-1.459481779709482
230,E,-1.1649726411628365
230,G,-0.9690713819570814
230,H,-0.3630744482342768
230,I,-0.49197437922247517
230,K,-0.4562013290867612
230,L,-0.459053634507292
230,N,-0.8192688469393855
230,P,-1.815235197145359
230,Q,-0.48821923310812515
230,R,-0.4051593570556317
230,S,-0.42390450536136454
230,T,-0.38116290047975726
230,V,-0.36661099829663024
231,A,-0.977665918328828
231,C,-0.21464882180527028
231,D,-1.7535248662024874
231,E,-1.683781591077697
231,F,-1.1724593002256316
231,G,-1.6275457895882854
231,H,-1.5960780683488696
231,K,-1.6453085374724654
231,L,-0.42057549428572566
231,M,-0.2989924341525787
231,N,-1.4974761773194314
231,P,-2.001811400470051
231,Q,-1.6147421100464971
231,R,-1.6853176387367848
231,S,-1.4278924715678736
231,T,-1.4344261899361348
231,V,-0.22662388885063542
231,W,-1.499083156148132
231,Y,-1.222699292214182
232,D,-1.9744667323628837
232,E,-1.8234110048074774
232,F,-1.4847400328560543
232,H,-1.7766950857036974
232,I,-0.49316558890199086
232,K,-1.8759323763591023
232,L,-0.975279803494257
232,M,-0.5054193048399742
232,N,-1.7722722485252398
232,P,-2.0580008166834416
232,Q,-1.6529581437125416
232,R,-1.6314158438709383
232,S,-0.5618142681843606
232,T,-1.5603530143470932
232,V,-0.5624930152107326
232,W,-1.2557992195731198
232,Y,-1.3807489564211641
233,A,-0.4701832317898331
233,C,-0.9786033229112064
233,E,-1.0698775987253752
233,F,-1.28741086828569
233,G,-1.0477477744211512
233,H,-1.0195419549228455
233,I,-1.0898723351412243
233,K,-1.0823015828054765
233,L,-1.105544411392349
233,M,-1.1044341401998505
233,N,-0.8542043441377937
233,P,-1.143831362867524
233,Q,-0.6065751004918204
233,R,-1.2245025537115755
233,S,-0.49448007573002717
233,T,-1.0442434011750206
233,V,-1.1596707980597485
233,W,-1.2637010612421729
233,Y,-1.1496016010810588
234,A,-1.796599838399273
234,C,-1.7973748030922532
234,D,-1.9606202409981868
234,E,-1.8985063713411572
234,F,-1.9720911420568308
234,G,-1.8958816276441839
234,H,-1.9588589079883718
234,I,-1.8987988488285905
234,L,-2.055952547230919
234,M,-2.0057205978939243
234,N,-1.818498486265535
234,P,-2.0649083377053783
234,Q,-1.909217842876819
234,R,-0.5210871697174232
234,S,-1.8529944427037865
234,T,-1.8266968368294816
234,V,-1.8617136682961315
234,W,-2.0564510405291165
234,Y,-1.9619920663157784
235,A,-0.3815079056708251
235,C,-1.2428198007812086
235,D,-1.9822659390616753
235,E,-1.7835500721306012
235,F,-1.8030081185246511
235,G,-0.2265095504714836
235,H,-1.645035230637947
235,I,-1.8419089861328641
235,K,-1.7892519124620931
235,L,-1.6307399558184426
235,M,-1.6148193564259983
235,N,-1.684760523898564
235,P,-0.974030980827722
235,Q,-1.6345954289830351
235,R,-1.7444643127947272
235,V,-1.6139077629457639
235,W,-1.5931905982592618
235,Y,-1.6431919098418983
236,A,-0.2646718031809201
236,C,-0.5056964847606087
236,D,-1.9631608309495014
236,E,-1.8393569314792715
236,F,-1.716101932655806
236,H,-1.9966565278067891
236,I,-1.9601539535860704
236,K,-2.1864946346756455
236,L,-1.8158621188174353
236,M,-0.902015417185759
236,N,-1.7829508721089926
236,P,-2.128030273241367
236,Q,-1.7727566863980353
236,R,-2.0099365191628373
236,S,-0.5195386122400051
236,T,-1.8818567950377858
236,V,-1.9305720488004923
236,W,-1.976418864760483
236,Y,-1.6656617722463112
237,C,-1.105809439861976
237,D,-1.4946606686391104
237,E,-1.1758120132949204
237,F,-1.5037676151910164
237,H,-1.4842727115363217
237,I,-1.080075807054211
237,K,-1.467095293102799
237,L,-0.5057041168226228
237,M,-0.4903745300955047
237,N,-0.6132951341224679
237,P,-1.8827311906852109
237,Q,-0.9988915821494275
237,R,-1.2002958192185116
237,S,-0.2781531256198613
237,T,-0.429793748577894
237,V,-0.5636301978921189
237,W,-1.6414942074806205
237,Y,-1.4038737814617928
237,G,-0.2142394870917348
238,C,-1.2326544421642156
238,D,-1.0252225175194474
238,E,-1.3870503898242927
238,F,-1.6508597900309188
238,H,-1.4152186527286508
238,I,-1.578586418431102
238,K,-1.7674562731476575
238,L,-1.7014808233595589
238,M,-1.5675168337371046
238,N,-0.4189541735134049
238,P,-2.0424278614924094
238,Q,-1.4938085163639983
238,R,-1.7606191883580231
238,S,-0.47900243398865383
238,T,-0.569616042431809
238,V,-1.6027189276982412
238,W,-1.6881743274131151
238,Y,-1.7023953703481367
238,A,-0.23751731416852817
240,I,-0.228585369354886
240,V,-0.22511096344898804
241,D,-0.5090604680089114
241,E,-0.2847133367374397
241,I,-0.3177961119916087
241,N,-0.05031862566653282
241,A,-0.2147029549692263
241,F,-0.21948419740356373
241,P,-0.29440283219787905
241,T,-0.26947318407269705
241,V,-0.22807768460987413
242,A,-1.0799408415454748
242,C,-1.1897518015480897
242,D,-1.5525257498801341
242,E,-1.5806490878955748
242,F,-1.542969223742973
242,H,-1.204036657107814
242,I,-1.8676024273961986
242,K,-1.5542157154201437
242,L,-1.7714583597523066
242,M,-1.6024932495227455
242,N,-0.9282223883679936
242,P,-1.8174055814939087
242,Q,-1.4542901540874917
242,R,-1.518174762138767
242,S,-1.0522733746143196
242,T,-1.5226226463508052
242,V,-1.7921696418777078
242,W,-1.7354593835981538
242,Y,-1.5816871335867069
243,C,-0.36360152403312457
243,D,-0.6352244912355838
243,E,-0.3230311541466768
243,F,-1.3034498583108987
243,H,-0.5963204362447788
243,I,-1.7425997748819027
243,K,-1.628644795198628
243,L,-1.569744859583
243,M,-1.3257387909848912
243,N,-0.35997637012829886
243,P,-1.6180267331589284
243,Q,-0.5196177443528484
243,R,-1.567171510553289
243,T,-0.4098188651558519
243,V,-1.5095098861544523
243,W,-1.7918030570510408
243,Y,-1.183945338330085
244,A,-1.137423506340085
244,C,-1.087867262961614
244,D,-1.5761214784087447
244,E,-1.4090760438261771
244,F,-1.4655785408963127
244,G,-0.5670135102322205
244,H,-1.0771081506269176
244,I,-1.2230773505712433
244,K,-0.4900765795222577
244,L,-1.1590344616950008
244,M,-1.1977504665073433
244,N,-1.0927850783003936
244,P,-1.8865486415644233
244,Q,-1.0522688589106135
244,S,-0.4522978034600827
244,T,-0.5402750274838499
244,V,-1.1534949832902384
244,W,-1.5566266837202667
244,Y,-1.5310276071933082
245,C,-0.7712614275113553
245,D,-1.8385465894766275
245,E,-1.7988207702223342
245,F,-2.0013440860408918
245,H,-1.5783259252639221
245,I,-1.9941539924307936
245,K,-2.1479534779439726
245,L,-2.0560626084522604
245,M,-1.6041380778275631
245,N,-1.2105213773249692
245,P,-1.97847150411994
245,Q,-1.6554426816115582
245,R,-1.9947322785513981
245,S,-0.3790940845175288
245,T,-1.5753345011551685
245,V,-1.7600410967301447
245,W,-2.0595138207131707
245,Y,-1.9986834311039194
245,A,-0.2599705548163892
246,A,-1.1083237861179245
246,C,-0.3884994394857272
246,D,-1.4637187230907454
246,E,-1.1962852095160963
246,F,-0.4959527596433436
246,G,-1.7916989572558877
246,H,-1.4538874906899646
246,K,-1.9351033835437397
246,M,-0.39867394712616844
246,N,-1.4876978655499669
246,P,-1.9728394725973484
246,Q,-1.2937703780775973
246,R,-1.9502318389041047
246,S,-1.5200711491858505
246,T,-1.0805435817386144
246,W,-1.0466395798364796
246,Y,-0.45794345312265633
247,A,-0.3913862274909921
247,C,-0.3422275092783704
247,D,-1.9713522150858496
247,E,-1.7898706995566822
247,F,-1.1396501928176417
247,G,-1.5759540396310716
247,H,-1.824224244452974
247,K,-1.9790952945509834
247,N,-1.6110266310476653
247,P,-2.1444667852749766
247,Q,-1.795373869030389
247,R,-1.9847862135790166
247,S,-1.1895902152457118
247,T,-0.4305936493347584
247,W,-1.959052466965603
247,Y,-1.6097553134981293
247,L,-0.23950472856444616
247,M,-0.22840964424812513
248,D,-1.998132974639513
248,E,-1.903004766586791
248,F,-1.4277529008896355
248,H,-2.119125859852102
248,I,-1.5208425025508563
248,K,-1.9328420577906005
248,L,-1.2386703703011916
248,M,-1.025294592580953
248,N,-1.7449539736899506
248,P,-1.988482566672673
248,Q,-1.832119379555576
248,R,-1.9602153008331362
248,T,-0.5597761484976395
248,V,-1.0899723012506364
248,W,-1.6133021861975572
248,Y,-1.6996280795207177
249,D,-1.4563073414348333
249,E,-0.9921365082776131
249,G,-0.5217200465469866
249,H,-1.0870174930010554
249,K,-1.1767758580653267
249,N,-0.8633882207487789
249,P,-1.8649598034743655
249,Q,-0.4578627777269277
249,R,-1.5047497328678063
249,W,-0.5666298988388621
249,S,-0.24895699089030074
250,A,-0.9714644990092239
250,C,-0.48034397421335917
250,D,-1.95175264619395
250,E,-1.6833649219795201
250,F,-0.9807335674355516
250,G,-1.7864356082973507
250,H,-1.7577540778882015
250,K,-1.8874777610767335
250,N,-1.88010006163484
250,P,-1.7879999736543348
250,Q,-1.6508369025143192
250,R,-1.9275978639795361
250,S,-1.5844759510973685
250,T,-0.5163328321573762
250,W,-0.5234874775495076
250,Y,-1.2340447101057797
251,A,-1.2054844561399687
251,C,-1.5801353778452265
251,D,-1.6254563852893722
251,E,-1.8172215398768956
251,F,-1.7168821211339422
251,H,-1.280608314207426
251,I,-1.8269526649538583
251,K,-1.610175854055205
251,L,-1.9011849142575743
251,M,-1.775327644752132
251,N,-1.357934132188905
251,P,-2.0381396121683117
251,Q,-1.6877473012790065
251,R,-1.5561930133579007
251,S,-1.2013137703465886
251,T,-1.757771122848494
251,V,-1.8453596723197696
251,W,-1.556726614090017
251,Y,-1.6781666483985693
252,A,-0.2928033532595596
252,C,-0.4171675962388946
252,D,-0.3850068942003237
252,E,-0.3115821958227716
252,F,-1.030213383807907
252,G,-0.5213783187385089
252,H,-0.40790385476422214
252,I,-0.6026557582383414
252,L,-0.5462271996107724
252,M,-0.31857362580576015
252,N,-0.26460428921738455
252,S,-0.30937610420352035
252,T,-0.3553746902679639
252,V,-0.4495434498013396
252,W,-1.1078285007846291
252,Y,-0.5595692828022497
252,Q,-0.27604040846129946
254,P,-0.3073425062226749
255,I,-0.4348506349345424
255,P,-0.29918901537326414
255,V,-0.3565452586577168
255,W,-0.3571344415766377
255,C,-0.31876362844226525
255,F,-0.27402041199805705
255,L,-0.22118772046870663
255,T,-0.22721189303610417
256,P,-0.5810704372408403
256,F,-0.11611693760199053
257,D,-0.3210948645665651
257,E,-0.3213028889488452
257,F,-0.21493497939181935
257,G,-0.2681616853420282
257,N,-0.251783305786228
257,R,-0.2901013711700343
257,T,-0.32097109278628705
257,W,-0.39264413320352276
257,C,-0.24534994043943148
257,H,-0.213238715645249
257,I,-0.21135747639986965
257,K,-0.34962220096860364
257,Q,-0.2884275370848696
257,S,-0.22154187388091764
257,V,-0.34729128771439494
257,Y,-0.2559146376781397
258,F,-0.3480639523079943
258,P,-0.39522104611369985
258,Y,-0.3071582444673324
258,W,-0.3184818681473233
259,A,-1.1161647868631408
259,C,-1.1072532536635915
259,D,-1.833767369799337
259,E,-1.3455889414091882
259,F,-1.5121868304406838
259,G,-1.5186330353240098
259,H,-0.961206368980106
259,I,-0.545951825516877
259,L,-0.9321373601174531
259,M,-0.9109368884581188
259,N,-1.5237850990304658
259,P,-2.0888436309258727
259,Q,-1.1266305951140467
259,S,-1.1502179814054128
259,T,-1.1002375443165509
259,V,-0.5037849470520198
259,W,-1.778607301000679
259,Y,-1.608765368371209
26,C,-0.2568709575660382
26,F,-0.3413416191492808
26,I,-0.2420919767236686
26,L,-0.27137268580706303
26,P,-0.37895918317857835
26,W,-0.44943339080499844
26,Y,-0.3543504192112916
26,E,-0.24178304777858303
26,M,-0.2267603765895161
260,A,-0.5881435725786656
260,C,-0.4200535325255041
260,D,-1.9580954716483856
260,E,-1.6534639380213039
260,F,-0.47284985693322823
260,G,-1.4618849648034165
260,H,-1.8698639584721468
260,K,-2.026064761017792
260,M,-0.34892754994487707
260,N,-1.7331520458336198
260,P,-2.031647779615814
260,Q,-1.7367874861585235
260,R,-2.0192111734740057
260,S,-1.5970210315144346
260,T,-1.3391665918809126
260,W,-1.6983363857236118
260,Y,-1.232458186865753
261,A,-0.44838331777977114
261,C,-0.26566175339995945
261,D,-1.9425677048033478
261,E,-1.5002715760858891
261,F,-1.0287579483301805
261,G,-1.7329905279920905
261,H,-1.733375691458338
261,K,-1.9590793950449024
261,L,-0.3141781759722199
261,M,-0.5546849548557907
261,N,-1.6117307701322516
261,P,-2.030217451836365
261,Q,-1.7619249063922382
261,R,-2.054266969225579
261,S,-1.21568728091009
261,T,-0.473208762155846
261,W,-1.626302576936783
261,Y,-0.9981751703711843
262,D,-1.7122818416801855
262,E,-1.7910943989583006
262,F,-1.5350405876183573
262,G,-0.47664723976679624
262,H,-2.0311250562363323
262,K,-1.9833160114530841
262,L,-0.5949819054672483
262,M,-1.1732834379867125
262,N,-1.5868416444179807
262,P,-2.0119900115923417
262,Q,-1.9141599505456002
262,R,-1.954328943831176
262,S,-0.5421069671817146
262,T,-0.4059676007391303
262,W,-1.965204681558733
262,Y,-1.79733986081605
263,A,-1.088753584771271
263,C,-0.34444623211397707
263,D,-2.2007511857578916
263,E,-1.883061044057296
263,F,-0.4766843852434631
263,G,-1.7752335137014716
263,H,-1.8188358816429073
263,K,-1.9836495291604301
263,M,-0.24409393479465322
263,N,-1.7488416430081601
263,P,-2.010446402800718
263,Q,-1.8110466914442418
263,R,-2.0040450073987572
263,S,-1.6025413848249745
263,T,-1.0570694763530524
263,W,-1.209489814015682
263,Y,-1.094337190190749
264,A,-1.4108621915639152
264,C,-1.074732316426454
264,D,-1.9357569754567905
264,E,-1.8330815724865681
264,G,-1.835167421883118
264,H,-1.7070140377771874
264,I,-0.35493332521332827
264,K,-1.8367967110588523
264,N,-1.7095185131334523
264,P,-1.9574415804727323
264,Q,-1.4743043413633357
264,R,-1.9770158657524348
264,S,-1.396514011608139
264,T,-1.0899544454604322
264,V,-0.4652350493044713
264,W,-1.5673365615433477
265,D,-0.4035154356211
265,E,-0.473939628687601
265,G,-1.1470438984086426
265,H,-0.4590250264640896
265,K,-1.0749695145688738
265,N,-1.1425427936186534
265,P,-1.8290446854974427
265,Q,-0.3247767120732933
265,R,-1.2425002715698286
265,W,-1.1516925586083335
265,Y,-0.5275698971418826
266,C,-0.27574486180271546
266,D,-0.4858847218009041
266,E,-0.23780445057059832
266,F,-0.3620502519840243
266,G,-0.5658670757485236
266,I,-0.233811460435384
266,K,-0.2224270150081285
266,L,-0.4323234693183009
266,P,-1.64518720175296
266,R,-0.3319132590479511
266,W,-0.28531775400598813
266,M,-0.253835467382721
266,N,-0.22725548143831512
267,A,-0.3717320267140647
267,C,-0.3772869562663242
267,E,-0.27824516945165845
267,F,-0.9198766334140746
267,H,-0.5141500764364302
267,I,-1.16156502699975
267,K,-0.9137158944717748
267,L,-0.447975683163521
267,M,-0.3479137456536024
267,P,-0.9766248859112202
267,Q,-0.30201503090141085
267,R,-0.4894350286644464
267,S,-0.3524110438241199
267,T,-0.5598782173421248
267,V,-1.0730814437865375
267,W,-0.9960232542615511
267,Y,-0.948859950946749
267,D,-0.21862401927300487
267,N,-0.2195232344925199
268,C,-0.34436354139106445
268,D,-1.0750693124374968
268,E,-1.0632522264621957
268,F,-1.0767309135662149
268,H,-0.8856550185552785
268,I,-1.0233829194870432
268,K,-0.6295707277095118
268,L,-1.0863484212568058
268,M,-0.4943570054506424
268,N,-0.40597586162047844
268,P,-1.1961448523641236
268,Q,-0.5944359494762811
268,R,-0.5361271949290056
268,V,-0.9076241350866113
268,W,-1.127475323875363
268,Y,-1.094313537437051
27,A,-0.5319077685439926
27,G,-0.37080075730111967
27,C,-0.2830080309757956
27,F,-0.21439126037205924
27,L,-0.2261763267782787
270,K,-0.19031570586606647
270,P,-0.5357594147506173
270,W,-0.31055685331854677
271,F,-0.3589581297635344
271,W,-0.5479574750033618
271,Y,-0.3848596965799359
271,I,-0.23351119750346933
272,A,-0.31466526021718777
272,C,-0.5242247361796502
272,D,-0.43961255212667605
272,E,-0.5617404519289895
272,G,-0.40564327170513276
272,H,-0.3066122140268819
272,K,-0.493361428157582
272,N,-0.3714897955430287
272,P,-0.3108368481161305
272,Q,-0.29487883117326663
272,R,-0.4684298484437597
272,S,-0.3424166749820723
272,T,-0.29762010860910976
272,Y,-0.3119597776306221
272,V,-0.21670919348132384
272,W,-0.232054621926721
273,C,-0.21948660610630633
274,F,-0.2010304580019259
274,G,-0.2957526610289719
274,K,-0.05031862566653282
274,M,-0.22880040972620722
274,P,-1.137683993036356
274,Q,-0.18397054207314242
274,R,-0.2264299225443571
274,W,-0.302702835623966
274,C,-0.2208357972341594
274,N,-0.09120199441624456
275,D,-0.5206338984143061
275,E,-0.9719567428168522
275,F,-1.082521097232784
275,G,-0.37666698452991126
275,H,-0.450131505183744
275,P,-0.5782464918206709
275,S,-0.2724916657529835
275,W,-1.1638562055478077
275,Y,-1.192130114673446
275,A,-0.23008847766702964
275,N,-0.21789187179744887
275,T,-0.21851575756643848
275,V,-0.26634971978104666
276,A,-0.48885913054491664
276,C,-1.0778642434240973
276,D,-0.12988112947519345
276,E,-0.515642395357438
276,F,-1.6554774524285378
276,G,-0.5309363213524697
276,H,-0.9505953386788761
276,I,-1.2373308179177709
276,K,-1.50034053106601
276,L,-1.546310070707262
276,M,-1.3833574480242978
276,P,-1.655787256940214
276,Q,-0.8496083578656636
276,R,-1.3512324049876512
276,S,-0.23895359567710517
276,T,-0.26805032461235423
276,V,-1.119727290567708
276,W,-1.7257973971343876
276,Y,-1.588569130285556
277,P,-1.5741573112299896
278,D,-1.0558598789695477
278,G,-0.2405787820862201
278,P,-0.9862593759222889
279,A,-1.4975347471348897
279,C,-1.0296022118707215
279,D,-1.9048718131321696
279,E,-1.8047548280093284
279,G,-1.779522306131546
279,H,-1.633463927879751
279,K,-1.942281175106884
279,N,-1.8164545825412812
279,P,-1.9231154604144616
279,Q,-1.8044150011066193
279,R,-1.909833534160465
279,S,-1.7606445083975224
279,T,-1.1735267021070763
279,W,-1.4686315676786321
279,Y,-0.5224226713585812
279,M,-0.22410455594288725
28,P,-0.24925012396351995
28,W,-0.2626018561528253
28,F,-0.24552237457766293
28,Y,-0.24208860039774235
280,D,-0.5023717359464375
280,E,-0.33363205494256243
280,G,-0.23815759231948846
280,I,-0.4821296270489452
280,L,-0.2979825146468832
280,N,-0.30071395749134316
280,P,-1.7334307143881613
280,T,-0.31020214940973256
280,W,-0.35990888853295405
280,C,-0.2515710620555401
281,C,-0.30060134518339826
281,F,-0.37113904338516873
281,H,-0.2353202248444396
281,P,-1.5360553050400239
281,W,-0.49630958621650173
281,Y,-0.3133410642731762
281,M,-0.2232396285884441
282,A,-1.500158876700875
282,C,-1.249818630943583
282,D,-2.027278655653486
282,E,-1.9101902394373795
282,F,-1.1373883827373816
282,G,-1.9374847306431717
282,H,-1.8625092732876263
282,K,-1.9546231411480988
282,L,-0.3012053705171255
282,M,-0.2808322768018053
282,N,-1.898264284366413
282,P,-1.9256649401397774
282,Q,-1.8391819704825747
282,R,-1.9344321154100463
282,S,-1.8155999787165435
282,T,-1.3540193110381573
282,W,-1.5378548876345777
282,Y,-1.7880368566325098
282,V,-0.22289119292642337
283,C,-0.3891452295605884
283,D,-1.8185789699388233
283,E,-1.4902497397766017
283,F,-1.017229912121856
283,H,-1.4356118275993814
283,I,-1.0008361639219698
283,K,-1.7821507278599558
283,L,-0.9807263084883392
283,M,-0.5583294953473252
283,N,-1.17143164748148
283,P,-1.810269311890095
283,Q,-1.3825952472826517
283,R,-1.755737001216965
283,S,-0.23794881702821905
283,T,-0.5447102718342927
283,V,-0.9573718353678293
283,W,-1.199186434344022
283,Y,-1.154386374869433
284,P,-1.6636342251510567
284,C,-0.29786035884200945
285,G,-0.37195624008929584
285,P,-1.1497181262366765
285,W,-0.38773270463413023
285,C,-0.24854735226211114
285,D,-0.26833034908082354
285,F,-0.2506162637341918
286,C,-0.30105581386811187
286,D,-1.699936712778435
286,E,-1.1481425131499488
286,F,-0.310532253452984
286,G,-1.113295109327889
286,H,-1.4712245462766231
286,K,-1.487140812100994
286,N,-1.2898199883972632
286,P,-1.7994015645108448
286,Q,-0.5620325322316689
286,R,-1.7343749749265718
286,S,-0.5362914810409267
286,T,-0.2179823953004726
286,W,-1.5896646422710585
286,Y,-1.3651272694087282
287,A,-0.2840775541215257
287,C,-0.3091495338974354
287,D,-1.6780048121693023
287,E,-1.097101549306949
287,G,-1.0935560198742638
287,H,-0.779390401077833
287,K,-0.9404530717588113
287,N,-1.211445429332376
287,P,-1.4657409111276343
287,Q,-0.7207279511241732
287,R,-0.7117910856554981
287,S,-0.4846007757650691
287,T,-0.22616541684368036
287,W,-0.5582966492716209
288,C,-0.3609150945161849
288,P,-1.2618394584951187
288,W,-0.26436809298268404
288,F,-0.24462986553685578
288,I,-0.3400826675114677
288,V,-0.2385873148226624
289,A,-0.26793102999438323
289,D,-0.49795679307630775
289,E,-0.23668501168452893
289,G,-0.2780041868908478
289,I,-1.144702281520065
289,L,-0.28761281370010855
289,P,-1.51398435257266
289,V,-0.3427614977987953
289,C,-0.24106484214479054
289,K,-0.24702589877658496
289,M,-0.2405833133096504
29,A,-0.4757042953056295
29,C,-0.912163803817696
29,D,-1.1741115612342568
29,E,-1.46788015056726
29,F,-1.234348133123102
29,G,-1.244002000110792
29,H,-0.6266530771319662
29,K,-0.4688478674265716
29,L,-0.33091517554272165
29,M,-0.6225598194783688
29,N,-1.0033569789990948
29,P,-0.5929391884464243
29,Q,-0.5406284862747345
29,R,-1.1668928918695203
29,S,-0.46007704269970934
29,W,-1.5835347570855753
29,Y,-1.5564776421801425
29,I,-0.2388989500795579
290,A,-1.7194095761312715
290,C,-1.7091993290588896
290,D,-1.5347911455968426
290,E,-1.46309769160524
290,F,-0.33385837234926924
290,G,-1.5524777935638328
290,H,-1.058694051708869
290,I,-1.1255801628716646
290,K,-1.4866383793037665
290,L,-1.1387294776800247
290,M,-0.5529769385298727
290,N,-1.3684164091732058
290,P,-1.4615716755056072
290,Q,-1.3531338201936693
290,R,-1.4957254312909922
290,S,-1.6277760839442705
290,T,-1.597439246529626
290,V,-1.514517375144351
290,Y,-0.36944925849413385
30,C,-0.7264565872768836
30,D,-1.2170877658261683
30,E,-0.561765381719758
30,F,-0.32187589705473185
30,G,-0.48357812542141576
30,H,-0.35518016903945543
30,N,-0.46704197023330263
30,P,-1.05801229059091
30,S,-0.4307508798680155
30,W,-0.225801753391539
30,Q,-0.22077347750352452
30,T,-0.2476095579818735
30,Y,-0.22406549002740275
31,P,-1.1480193156964498
32,C,-0.5114567972481121
32,D,-1.1396719004259432
32,E,-0.5356282567058392
32,F,-0.816180348807803
32,G,-1.0404392852934914
32,H,-0.350818391373066
32,N,-0.496954469488956
32,P,-1.4577534408994233
32,S,-0.24708449161780552
32,W,-1.0436704938695018
32,Y,-0.8620640808083767
32,I,-0.30836619318445757
32,L,-0.24326080698026759
32,M,-0.2140904628108343
33,A,-0.39670971419471934
33,D,-1.805970366961379
33,E,-1.8864733662746436
33,F,-1.4434038632498256
33,G,-1.537135540962522
33,H,-1.760057221817553
33,K,-1.8587683798673442
33,M,-0.5032011402613386
33,N,-1.5600009913847432
33,P,-1.801325354027368
33,Q,-1.800140351835841
33,R,-1.80825913652221
33,S,-1.3001237844332
33,T,-0.7179639013378398
33,W,-1.5275881846831276
33,Y,-1.837341832735151
34,C,-0.3707513855467698
34,D,-0.8821235771017892
34,F,-0.29622624699163913
34,P,-1.727068243036853
34,G,-0.236811537075111
34,W,-0.23320164757431613
34,Y,-0.27111194603638294
35,P,-1.8162273781045148
35,W,-0.21442890453439914
35,F,-0.21507009111039335
36,C,-0.2805323573103612
36,D,-1.582361225649431
36,E,-1.3625446707254694
36,F,-0.36159193147863566
36,G,-0.6344990931578749
36,H,-1.2046381003331694
36,I,-0.28644050367334706
36,K,-1.3057776564651098
36,L,-0.35386262963242493
36,N,-1.3578612762978535
36,P,-1.4747662121168397
36,Q,-0.43689510608126386
36,R,-1.5550869902632058
36,T,-0.2549111791503414
36,W,-0.38265114635492026
36,Y,-0.5247431960383935
36,S,-0.2169503488587896
37,A,-0.5916716704199023
37,C,-1.1360271730926121
37,D,-1.0497491451459608
37,F,-1.6080321576569305
37,G,-1.0404280543765665
37,H,-1.413800279481989
37,I,-1.2652101179223918
37,K,-1.337899595818427
37,L,-1.5384798174760106
37,M,-0.961337829595327
37,N,-1.1714440367371195
37,P,-1.8404775257486807
37,Q,-0.299168374452041
37,R,-1.2653351200550091
37,S,-0.9611964385152407
37,T,-1.2436568643459314
37,V,-1.0817749559609249
37,W,-1.7230287660969472
37,Y,-1.6463116314533965
38,P,-0.9243597373844973
39,P,-1.1392342546130398
40,A,-0.5116964294416567
40,C,-0.843665850948837
40,D,-0.5633639585807281
40,E,-0.5518645315262444
40,F,-0.3127794678340068
40,G,-0.46517077503262977
40,H,-0.4307130223630514
40,I,-0.24551393779508868
40,K,-0.8655732496356482
40,N,-0.5617660421497068
40,P,-0.4919704389087401
40,Q,-0.48678019612846496
40,R,-0.8966923217040069
40,S,-0.3542667613584118
40,T,-0.24480830904556894
40,V,-0.5381432689369046
40,W,-0.30230641603383207
40,Y,-0.26392903883341584
41,C,-0.39859156694338505
41,F,-0.30113998007075293
41,I,-0.3122137573305755
41,P,-1.1048138335571325
41,W,-0.4929581682759209
41,Y,-0.3418398422253827
41,T,-0.2141105323361617
42,C,-0.5083207248304528
42,D,-0.9911343369779846
42,E,-0.9849096214424592
42,F,-1.1415884280064381
42,H,-1.194984010672925
42,I,-0.9387715348063311
42,K,-1.3153456348212331
42,L,-0.94023169581816
42,M,-0.3821969929663611
42,N,-0.5497208555653094
42,P,-1.4175925782813503
42,Q,-0.28416324426747364
42,R,-1.388693284861517
42,T,-0.2700290164741483
42,V,-0.5815941938301668
42,W,-0.938302371018883
42,Y,-1.1878034669186213
43,C,-0.5505374943787894
43,D,-0.723267502924876
43,E,-0.650972051122571
43,F,-0.4086649105574565
43,G,-0.9082514813108838
43,I,-0.2992239060426768
43,L,-0.23769308212404286
43,Q,-0.22005414714898422
43,V,-0.2739736339068933
43,W,-0.8461961688838149
43,Y,-0.29924853176237565
43,A,-0.25503651277719425
43,K,-0.22781376764954267
43,M,-0.2543064628363362
43,S,-0.2545515687458264
43,T,-0.23925410486620313
44,A,-0.6837352988636594
44,C,-0.5004408694836555
44,D,-1.9190751720798263
44,E,-1.8623738429039136
44,G,-1.60142542636001
44,H,-1.45903618688787
44,K,-1.8718982805798874
44,N,-1.146292555466058
44,P,-1.973082031881116
44,Q,-1.7150452165224936
44,R,-1.894851981686848
44,S,-1.3311153041626493
44,T,-0.6005175145028392
44,W,-0.3274519035041348
44,Y,-0.5103100531558364
45,A,-0.41125481857854
45,C,-1.435032558946937
45,D,-1.9259836296900008
45,E,-1.9635363948850446
45,F,-1.8435041742245248
45,H,-1.9463402297335823
45,I,-1.9073284740499457
45,K,-2.0172439546695817
45,L,-1.9584098051314873
45,M,-1.9111504886099933
45,N,-1.9515986981296751
45,P,-2.004755051274345
45,Q,-1.9227047174473038
45,R,-1.981712737799784
45,S,-0.6108326140956459
45,T,-1.6906981844199063
45,V,-1.9101570748006553
45,W,-1.9182898730146987
45,Y,-1.8737216526176728
46,A,-1.4811795938642065
46,C,-1.5338838285740275
46,D,-1.9233316982822337
46,E,-1.7244326515971244
46,G,-1.579152952047294
46,H,-1.1741596693283178
46,I,-0.5682090529952486
46,K,-2.042878836555139
46,N,-1.9348774512814153
46,P,-1.9169928020027045
46,Q,-1.813504368978447
46,R,-1.9356287729621342
46,S,-1.7959493122366816
46,T,-1.6157724473548387
46,V,-0.5637251030849466
46,W,-1.2619773072870486
46,L,-0.22042223084811854
46,M,-0.2385228468257359
47,C,-0.1958347894241346
47,D,-1.6917972732379505
47,E,-1.1635632437287577
47,G,-1.2112175669846341
47,H,-1.008497987187043
47,K,-1.7285250833543475
47,N,-1.368226112219226
47,P,-1.9566342145056395
47,Q,-0.5117164914264984
47,R,-1.32758195763986
47,S,-0.4864141505296293
47,T,-0.25881463566167384
47,W,-1.5744187377852923
47,Y,-0.19210987128820367
47,M,-0.2856466005243359
48,C,-0.6640146326021659
48,D,-0.4264154329279558
48,F,-0.41305930220633164
48,G,-0.5827420928140911
48,H,-0.3459448564556169
48,I,-0.30531016718788406
48,P,-1.900662227952594
48,R,-1.1283186426433451
48,V,-0.24687609177069222
48,W,-1.1560514641123878
48,Y,-0.38921404514799013
48,K,-0.21574563192764487
49,A,-0.29472413039724854
49,C,-0.5613981214328055
49,D,-1.631489326514382
49,E,-0.5702638976096367
49,F,-0.5432896599554353
49,G,-1.3011921666934365
49,H,-1.2359256530699052
49,K,-1.0739562695983553
49,N,-1.4199425798014857
49,P,-1.932294448609419
49,Q,-0.34978513577299203
49,R,-1.279733981033214
49,S,-0.5721536735572044
49,T,-0.356333675182725
49,W,-1.2453282841411462
49,Y,-0.5089898058584968
50,A,-0.4177116469540127
50,C,-0.5712424378489724
50,F,-1.3442647554315184
50,G,-0.5891941693335601
50,H,-0.6286025301595723
50,I,-1.1590764542377558
50,K,-1.2332197477028988
50,L,-1.0571060628892939
50,M,-0.924209649748847
50,N,-0.43392031764253247
50,P,-1.6193290215369314
50,Q,-0.46669875346637496
50,R,-1.2642767937604005
50,S,-0.3404074400532077
50,T,-0.9692883420881052
50,V,-1.040890077074412
50,W,-1.4083680163978354
50,Y,-1.2149655991055415
51,A,-0.25212241997945606
51,C,-0.5655578482135717
51,D,-1.4743267029199076
51,E,-1.2514256067730525
51,G,-0.9218673761357051
51,H,-0.9146720781983253
51,K,-1.1002078256984997
51,N,-0.9357698104590686
51,P,-0.8966045298113996
51,Q,-0.5783470978251174
51,R,-1.1529857620623272
51,S,-0.5441550101404312
51,T,-0.29018961771356333
52,C,-0.4219697153340451
53,A,-0.32571870579132867
53,C,-1.0238112488230326
53,F,-0.5742363875376464
53,G,-0.24463942652721327
53,H,-0.29855128265373476
53,I,-0.44673013255561544
53,K,-0.3115827037651725
53,L,-0.4775479572142145
53,M,-0.4585172343453409
53,P,-1.3524168694837493
53,Q,-0.2653453032972261
53,R,-0.4102284358068006
53,V,-0.5608679873628559
53,W,-1.1306128804946685
53,Y,-0.4666798980525942
54,A,-0.4613112143419238
54,C,-1.4113425951157583
54,D,-0.40525187040660116
54,E,-0.4839076009676384
54,F,-0.9219751161451565
54,H,-0.5347482805229932
54,I,-1.408580281721817
54,K,-0.5450262872656201
54,L,-0.5683380133307222
54,M,-0.5327852911268718
54,N,-0.289871795521571
54,P,-1.0810612271678146
54,Q,-0.5119631719019805
54,R,-0.9451610468059412
54,S,-0.50379276920634
54,T,-0.564271076804398
54,V,-1.1682826142352816
54,W,-0.9974710441295351
54,Y,-0.9482192537342421
55,C,-0.4577341674591402
55,P,-1.40687364787175
55,W,-0.32494938239973786
56,C,-0.4228711376108388
56,D,-0.519867157475509
56,E,-0.2511923015030098
56,G,-1.1202230519156566
56,H,-0.4011589033259815
56,K,-0.49418013076491946
56,N,-0.5456645241471813
56,P,-0.3750202277815215
56,Q,-0.35072682092524454
56,R,-0.41912879155436406
56,S,-0.4391481653882457
56,Y,-0.3499275747729568
56,A,-0.25128222973576697
56,W,-0.26176623205063304
57,A,-0.5242782614335825
57,C,-0.4798263211579422
57,D,-1.1286572156066093
57,E,-0.3995707731267745
57,G,-0.520960575902256
57,H,-0.32195690399576693
57,K,-0.33891617376196664
57,N,-0.49523458420572203
57,P,-1.6162417497964392
57,Q,-0.42250002743918114
57,R,-0.2802713747865372
57,S,-0.7951063109945635
57,T,-0.37631285489183286
57,W,-0.43466268403932506
58,C,-0.5038329258624057
58,F,-1.1406916702787249
58,H,-0.4125198374984946
58,I,-1.0300715971096763
58,L,-0.44182848440367267
58,M,-0.4393323391832148
58,P,-1.8963202237159293
58,V,-0.4024568842957365
58,W,-1.0066442586506852
58,Y,-0.918567876107282
59,C,-0.4890750020138374
59,D,-0.37230739030902726
59,I,-0.4223774291720983
59,L,-0.30539252633196534
59,P,-1.5876189915894259
59,W,-0.27482723616568205
59,Y,-0.25135117672041707
59,F,-0.23197196910386167
59,N,-0.2640334674003693
60,C,-0.3951282285031364
60,D,-1.5279190962793592
60,E,-1.0043512008743747
60,G,-1.0956202248183013
60,I,-0.4058750611153817
60,K,-0.5301326897444323
60,L,-0.26741450197001604
60,M,-0.17948689758107206
60,P,-1.9923301676853074
60,Q,-0.2516092661161986
60,R,-0.24538344457036856
60,T,-0.4621120192067185
60,V,-0.26707840998552024
61,A,-0.9149461926769297
61,C,-1.0637452908382499
61,D,-1.5860613788165094
61,E,-1.4739293294402815
61,F,-1.4968185740460802
61,G,-1.1629222592979322
61,I,-1.7571945162987177
61,L,-1.2724911603580258
61,M,-1.1882084217372246
61,P,-1.9092663694518082
61,Q,-0.4710312873036615
61,S,-1.0413819802687807
61,T,-1.521382435250948
61,V,-1.6746292234859275
61,W,-1.217091999417888
61,Y,-1.1400986864271374
61,H,-0.2542433885767195
61,K,-0.29174900600001163
62,C,-0.6438823423532145
62,F,-0.44099699169941126
62,W,-0.4381007250573072
62,Y,-0.33912559122107
62,L,-0.22089136115274013
62,N,-0.24500435761324546
63,C,-0.42203058691597023
63,P,-1.8384931910210813
64,A,-0.38153812206488896
64,C,-0.610679899937561
64,F,-0.42136714673825393
64,G,-0.4537792757073872
64,H,-0.30981765191158517
64,I,-0.448736486673592
64,K,-0.6594501385117825
64,L,-0.7178887639868736
64,M,-0.2419144456353121
64,N,-0.4856676334584136
64,P,-1.943164378178947
64,Q,-0.22897948438499696
64,R,-0.8318481855320701
64,S,-0.37506381463949345
64,T,-0.22341445336904828
64,V,-0.36435847019885803
64,W,-0.698223066339752
64,Y,-0.42086983650841925
65,A,-0.5031200803215063
65,C,-0.5105041739814036
65,D,-1.3311245372985823
65,E,-0.48309622916200634
65,F,-0.613545527210312
65,G,-1.1549233855429955
65,H,-0.2829772298126823
65,I,-0.37709639718889854
65,L,-0.2568656348848495
65,M,-0.43220985691262864
65,N,-0.5120888299061445
65,P,-0.3940219983274796
65,Q,-0.3164796230855199
65,S,-0.43777635642236346
65,T,-0.30280438191279807
65,V,-0.4471193663133948
65,W,-1.0894036126805806
65,Y,-0.4397798911454644
66,A,-1.7287209689699963
66,C,-1.6798756155313344
66,D,-2.0941808032078106
66,E,-1.8734530495929933
66,G,-2.0002395925738052
66,H,-1.7238676230561265
66,I,-1.5450156084382707
66,K,-1.8529949670685304
66,L,-1.4921872422036708
66,M,-0.5895776591899842
66,N,-1.9209498029905256
66,P,-1.9997080428787017
66,Q,-1.5307017809927295
66,R,-1.906010547579597
66,S,-1.8585292685422503
66,T,-1.6531650146546064
66,V,-1.117699628289026
66,W,-1.2288360314049698
66,Y,-0.5214073485380486
67,A,-0.4655782666007995
67,C,-1.2799712114892854
67,D,-1.7497087219131144
67,E,-1.5582673614560434
67,F,-1.398699748849883
67,G,-1.292173552814969
67,H,-1.0698783995366083
67,I,-1.3215052458878704
67,K,-1.2346052549845987
67,L,-1.3378077047199186
67,M,-1.5844553090258329
67,N,-1.107100383753308
67,Q,-1.2301540821326085
67,R,-1.6180730187274515
67,S,-0.8514279696020327
67,T,-1.2109075099354527
67,V,-1.0870837789591223
67,W,-1.7306155788400954
67,Y,-1.3575272180382145
68,A,-0.5361522302083467
68,C,-0.4954722199200142
68,D,-1.960467866815715
68,E,-1.6731506954658104
68,F,-0.2730923408786413
68,G,-0.658028863996864
68,H,-0.6853625512469295
68,K,-1.9546588638630809
68,N,-1.590263371827775
68,P,-1.7509646915843813
68,Q,-0.8333336762532128
68,R,-1.9271747021243775
68,S,-1.187119270472227
68,T,-0.4669029975877714
68,W,-1.7530035200098861
68,Y,-1.1669328541152373
68,I,-0.21176874507345692
69,C,-0.2097797385408186
69,D,-0.8705624300199805
69,E,-1.2078965796985437
69,F,-1.0820612460154704
69,H,-0.5041507004705578
69,I,-0.4350035506863248
69,K,-1.697639643735762
69,L,-0.2642153273006293
69,P,-1.9869625130132633
69,Q,-0.3964522710515367
69,R,-1.7429425369526732
69,W,-1.7574493337813268
69,Y,-1.604203714885445
70,A,-1.9857669028033709
70,C,-1.6985207171919912
70,D,-2.0611131704081918
70,E,-2.567084738842765
70,F,-1.9450984862536551
70,G,-1.958952126124924
70,H,-2.0298349629108174
70,I,-1.52644276093159
70,K,-2.204717684800553
70,L,-2.127029656407868
70,M,-2.1462338306207482
70,N,-1.9074529561980713
70,P,-2.015808698708644
70,Q,-2.0308088178700774
70,R,-1.9860292265524975
70,T,-1.9196343991985898
70,V,-2.032907533925285
70,W,-2.086079295550342
70,Y,-2.0206150713014983
71,A,-1.3973517492701135
71,C,-0.9988313633431459
71,D,-1.9629628791591431
71,E,-1.6726262551900595
71,F,-1.81618169136834
71,G,-1.5372857155480373
71,H,-0.539619299723509
71,I,-1.0079732608192742
71,K,-2.019066005171561
71,L,-1.2680847586661514
71,M,-1.2190520193719792
71,N,-1.6107800635473413
71,P,-1.1235559508063455
71,Q,-1.702594776066559
71,R,-1.97725257439504
71,S,-0.6210313079561904
71,V,-1.2292866230999704
71,W,-1.9502960903795963
71,Y,-1.9374233567868322
72,C,-0.37538415755480914
72,D,-1.8097518801996941
72,E,-1.5813263696084348
72,G,-0.4723723736964794
72,H,-0.24265228391710555
72,I,-0.4557288565716283
72,K,-1.6517533236689483
72,L,-0.637504621134035
72,N,-0.5979541918196007
72,P,-1.9114051693396794
72,Q,-0.8682305248127653
72,R,-1.7005235785950579
72,S,-0.24352771628340442
72,T,-0.5604981293765127
72,W,-0.37931273907709456
72,Y,-0.8989698705403525
73,A,-1.9960789334695337
73,C,-2.0052281650105823
73,D,-2.290956151614276
73,E,-2.0136899230713365
73,F,-2.017054495541857
73,G,-2.0760191186665558
73,H,-2.1320761747730907
73,I,-2.1533455445842833
73,L,-2.0740727448744987
73,M,-2.0727357406269746
73,N,-1.9415356588661081
73,P,-2.0520530798463206
73,Q,-2.238976570159976
73,R,-1.9410552501538842
73,S,-2.180499716783805
73,T,-1.9945040286670754
73,V,-2.17593809401753
73,W,-1.9943694965959944
73,Y,-2.360591817599857
74,A,-0.34876444341730106
74,C,-0.48683058713832966
74,D,-1.9862003206646481
74,E,-1.559327230013461
74,F,-1.2079574672486997
74,G,-1.346298239487946
74,H,-1.5426533146747854
74,I,-0.2775434415908903
74,K,-1.8223561746778307
74,L,-0.9286359448835905
74,M,-1.1701069357596612
74,N,-1.7546964008236174
74,Q,-1.6563436369637
74,R,-1.929784094541376
74,S,-0.47611782156496457
74,W,-1.6816171322041547
74,Y,-1.7897201717665134
74,T,-0.2527779631366892
75,C,-0.3227157857382827
75,D,-1.3318069238725507
75,E,-1.4232473399030738
75,F,-0.26398039302269466
75,G,-0.47816060597064647
75,H,-0.5093898634452915
75,K,-1.7638982595723276
75,N,-0.9719242664946651
75,Q,-0.4905574446972208
75,R,-1.8943009851814727
75,S,-0.37416606320844875
75,T,-0.32889073341527963
75,W,-1.3326554028535291
75,Y,-0.591798619712657
76,A,-0.44198654951893285
76,C,-0.9249642965609531
76,D,-1.859461025283242
76,E,-1.0983203274058053
76,F,-1.9059156088119524
76,G,-1.4635603257172662
76,H,-1.8885953112107037
76,I,-0.48071303122317444
76,K,-1.8745316685432007
76,M,-0.25931034337702863
76,N,-1.5833112072040891
76,P,-1.7885103421098605
76,Q,-1.4704531802038892
76,R,-2.0028324446155144
76,S,-1.3722759343405992
76,T,-0.4915386916301958
76,W,-1.9528523368971684
76,Y,-1.9675623953619754
76,V,-0.21960015677248748
77,D,-1.713280678753147
77,E,-1.8732977553899468
77,F,-1.9526225698156445
77,G,-0.38733656434884867
77,H,-1.9338539851151477
77,I,-0.36809564958752755
77,K,-1.9780862441703417
77,L,-1.0849592648400768
77,M,-0.5364609504572959
77,N,-1.582376054140033
77,P,-1.9170651600988975
77,Q,-1.8651778191143473
77,R,-1.9132492873228317
77,S,-0.5235792729628902
77,T,-0.4111850977605857
77,W,-1.8856676128968561
77,Y,-1.933659042633985
77,V,-0.22454395516473744
78,C,-0.399799429921223
78,D,-1.8120486466492718
78,E,-1.8401250048851454
78,F,-0.9629023145547532
78,H,-1.6110407578405077
78,I,-0.6055325007443295
78,K,-2.221937955881428
78,L,-0.547512392302665
78,M,-0.5976915060327261
78,N,-1.7878018984373814
78,P,-1.9151151611614181
78,Q,-1.7153813037117278
78,R,-1.9922080606857961
78,T,-0.4940800336947805
78,V,-0.9458984564281768
78,W,-0.5594678564260404
78,Y,-0.9847014037371361
78,S,-0.05031862566653282
79,D,-0.4244455497948178
79,E,-0.39782057007534777
79,F,-0.14726741562138718
79,G,-0.4072577275796235
79,I,-0.2638615152841086
79,K,-0.1536778808513299
79,P,-1.6610774344774093
79,R,-0.2495939525099428
79,W,-0.5337721496727165
79,Y,-0.05031862566653282
79,T,-0.2232298041731277
80,A,-0.5366958058629957
80,C,-0.5466198838289882
80,D,-1.7736166686350532
80,E,-1.2434229600053934
80,F,-1.0543549242972585
80,G,-1.6097662860430766
80,H,-1.174162978247249
80,K,-1.5685718871536523
80,M,-0.2937613006384435
80,N,-1.4864338246300228
80,P,-1.970432302844877
80,Q,-1.24351323999138
80,R,-1.8517960219463916
80,S,-1.2499634291240758
80,T,-0.4034169489749216
80,W,-1.351040122471898
80,Y,-1.3514415611057196
80,L,-0.26316835648315207
81,A,-1.1581567579501728
81,C,-1.1573415312431523
81,D,-1.902982326324541
81,E,-1.5346400239245397
81,F,-1.0853047912430434
81,G,-1.5485062548897393
81,H,-1.6064743461553903
81,I,-0.9127118821211612
81,K,-1.8582974209856093
81,N,-1.473562360575105
81,P,-1.9856816769126047
81,Q,-1.1798390102881735
81,R,-1.7967533784665644
81,S,-1.3628613626252493
81,T,-1.3911448509784976
81,V,-0.5911082447968943
81,W,-1.7640028232403846
81,Y,-1.418724415499964
82,C,-0.3802531892853529
82,P,-1.6130914045801394
82,D,-0.2324686800383856
82,I,-0.22257550796816344
83,C,-0.5256034994061405
83,D,-0.5118208596932785
83,E,-0.4788991371386225
83,F,-0.31781571713534856
83,G,-0.49169209239115735
83,I,-0.4678415902402249
83,N,-0.2167490029943442
83,P,-1.800637600447411
83,S,-0.32306066566426783
83,T,-0.5859521468397572
83,V,-0.5380463531246191
83,W,-0.47619454745951695
83,Y,-0.31394724372958405
83,H,-0.2661073849103746
84,D,-1.0269608533909935
84,E,-0.6601054628436139
84,F,-0.5287715182953102
84,G,-0.5869208177606045
84,H,-0.27860201814303404
84,K,-0.5003778885977902
84,L,-0.625113345325458
84,M,-0.46012743886640317
84,N,-0.7757195012755197
84,P,-1.7459199027525683
84,Q,-0.48051796802892754
84,R,-0.49879792761781905
84,S,-0.3086150485096434
84,T,-0.2663855861422298
84,W,-0.48915098314034217
84,Y,-0.44565053117163095
85,A,-0.5498795257313042
85,C,-1.1800730717961585
85,F,-1.4612006657613956
85,G,-0.6371325552026926
85,H,-1.0606689870273767
85,I,-1.2047594435470563
85,K,-1.0353001407096971
85,L,-1.2982359381950745
85,M,-1.0722628038791882
85,N,-0.8308719959177076
85,P,-1.5498641297065252
85,Q,-0.2280842113869584
85,R,-1.1071850601712283
85,S,-0.5357353735350648
85,T,-0.5707233268484911
85,V,-1.1073755083205499
85,W,-1.4964983407335413
85,Y,-1.3793477948883286
86,C,-0.2617995714398348
86,P,-1.2096915331768179
86,W,-0.25137215593417617
87,C,-0.46255452319835844
87,F,-0.3006112187423961
87,I,-0.4968372710419097
87,L,-0.2584639511449578
87,P,-1.6098490988938576
87,T,-0.43470395109216264
87,V,-0.4998680359047324
87,W,-0.516623881163485
87,Y,-0.3365665180529695
88,P,-0.4543974204122919
88,C,-0.29984620300734843
89,A,-0.3776898035177518
89,C,-0.6650293735153525
89,F,-0.22376608444974985
89,G,-0.5413956749971658
89,H,-0.9899285256426628
89,K,-1.2998119882629513
89,N,-0.5336135579394145
89,P,-1.4978248552511586
89,Q,-0.4121947784312093
89,R,-1.2003920666534216
89,S,-0.488364757363649
89,T,-0.3447974884005296
89,W,-0.5047455858212444
89,Y,-0.5285638921807005
90,P,-1.0790847386435392
90,C,-0.24573223770142202
90,W,-0.05031862566653282
91,A,-0.49280215958753715
91,C,-1.024755240787423
91,D,-0.9935257674555427
91,E,-0.868943390864139
91,F,-0.3897862868968972
91,G,-0.5723516453516327
91,H,-0.49227963651784284
91,K,-1.0578449945717139
91,N,-1.042927941166448
91,P,-0.475083377518662
91,Q,-0.605895619081653
91,R,-1.1473515240299534
91,S,-0.5452403646498479
91,T,-0.5578715113414555
91,V,-0.49549128890427113
91,W,-0.5666398540269993
91,Y,-0.4707676617359595
91,I,-0.24320665294231805
92,C,-0.3719791724506067
92,P,-0.3149181981241369
93,A,-0.45067648103524116
93,C,-1.1081755010205703
93,D,-0.5356084215992455
93,E,-0.6225778119780281
93,F,-0.8901590051349056
93,G,-1.0368228401953055
93,I,-1.130645260056418
93,L,-0.5535098996726248
93,M,-0.48061786727774064
93,N,-0.27867962074869906
93,P,-1.6923414053805448
93,Q,-0.45394706178687666
93,S,-0.45057369566370964
93,T,-0.297149946021656
93,V,-0.9710399765371145
93,W,-1.127577244377605
93,Y,-0.8560853910820262
94,A,-0.3009411627359071
94,C,-0.4765290553996776
94,D,-0.5034472618883349
94,E,-0.2955666865340772
94,G,-0.5590312659571453
94,P,-0.3763203851770555
94,S,-0.24730276501566978
94,W,-0.2606511350724389
94,F,-0.2548968512204302
94,N,-0.24113715349733725
95,A,-1.1218976806904402
95,C,-1.0106367615679612
95,D,-1.5986601054292484
95,E,-1.1134931812226252
95,F,-0.6697952954358124
95,G,-1.559286753139919
95,H,-1.0134176689741077
95,K,-1.2364377609040087
95,N,-1.1790449417024935
95,P,-1.5000967497395046
95,Q,-0.5359693626491527
95,R,-1.2019207621011245
95,S,-1.2025334822880462
95,T,-1.0096066407030793
95,W,-1.1671691860504851
95,Y,-0.7016671178469255
96,C,-0.39343901811133214
96,D,-0.22291856440485372
96,G,-0.2210980574338698
96,P,-0.28250397344257483
97,A,-1.2213156667194842
97,C,-1.1423747466617344
97,D,-1.7726269496800353
97,E,-1.6803524474436637
97,G,-1.1371033615618145
97,H,-1.0049040695981666
97,K,-1.6339420341418378
97,L,-0.359770864446688
97,M,-0.5550586530873304
97,N,-1.5635071020558535
97,P,-1.0532320112857285
97,Q,-1.5383560706557582
97,R,-1.56428145702567
97,S,-1.4097099276845175
97,T,-1.241486259214208
97,V,-0.41268738134161687
98,C,-0.3211171270486467
98,D,-0.05031862566653282
98,F,-0.1144926386704064
98,I,-0.05031862566653282
98,M,-0.05031862566653282
98,N,-0.05031862566653282
98,P,-0.4760956709205939
98,Q,-0.05031862566653282
98,V,-0.05031862566653282
98,W,-0.238564005907524
98,Y,-0.13917285029559975
99,C,-0.5104159238979677
