b,pos,aa
-0.36079603107090574,1,E
-0.13782869412466422,1,M
-0.17302178687002662,1,N
-0.07048895072393366,1,Q
-0.19800956671873915,1,R
-0.3427275004691752,1,T
-2.0140413795389045,2,A
-2.699708473644335,2,C
-2.618375614799213,2,D
-1.0898350562450103,2,N
-1.0730846319722367,2,S
-2.050163856800861,2,V
-0.053835312577447364,3,A
-0.06690448036645529,3,D
-0.6449521527170985,3,G
-0.76914233685534,3,K
-0.7744949087128473,3,Q
-0.4368822911756417,3,R
-0.1891122423080774,3,V
-2.21086815513063,4,G
-1.50406832623947,4,K
-2.909439866660585,4,A
-1.580021019915203,4,D
-2.494544860995733,4,Q
-0.2253059231144081,4,R
-2.1340363669565265,4,V
-0.7140203321359944,5,Q
-0.34204981883511937,5,P
-1.2750911325775047,5,R
-2.795885464247524,5,I
-2.5627339832171128,5,M
-1.9190394848000034,5,S
-2.390728820082267,5,V
-2.834865805133406,6,S
0.4368377110707127,6,Y
0.19717270566468967,6,L
0.19732137153552262,6,I
-1.1139158360387222,6,C
0.46199665173182314,6,H
0.6547290732894012,6,N
0.3022281906332145,6,P
0.3210361883739342,6,T
0.24855539852425612,6,V
-0.02291637596506256,7,A
-0.28819454117961146,7,I
1.9442118547615106,7,S
0.46295298847662014,7,P
0.14797890407964687,7,N
-2.827550215379543,7,F
-1.4626770965047633,8,R
-2.380349460669898,8,W
-3.1096098996068675,8,V
-2.4134610677149704,8,E
-0.3234978757222967,8,A
-2.0986143672910575,9,A
-0.26356906284098836,9,E
-0.27858175295195936,9,M
-0.27744583497939906,9,G
-0.5527497879990486,9,L
0.06307001970021112,9,K
-0.37155669990221396,9,T
-0.7181843955894199,10,A
-0.26526322576356554,10,E
-0.5508143719053991,10,G
-0.3033893997427004,10,M
-0.2923051999949277,10,L
0.8938240922447919,10,K
-1.0648073514920071,10,T
-0.6658303665769293,11,H
-1.6968675945575868,11,S
-2.849195489519991,11,A
-0.5419255668725502,11,L
-0.46524099184172396,11,R
-0.761977395090887,11,T
-0.87633259627028,12,T
-0.8513856266120429,12,F
-1.3535587211113151,12,L
-2.9737917091574535,12,N
-3.3811785967446784,12,V
-0.45815539947294204,12,Y
-1.3896639339095738,12,A
-0.4518924057842969,12,D
-2.80303795870933,12,M
-3.1320679635071658,12,S
-1.2456720275829902,13,P
0.3722214021074009,13,M
-0.9317041100134068,13,Q
-0.26015146737217604,13,R
-0.14954047791762987,13,V
-0.4159570380238953,14,A
-0.713879076078996,14,D
-1.4950852677178972,14,G
-1.297958358458526,14,I
-1.6686024504460573,14,F
-2.6974922304554227,14,L
-0.6740040359401569,14,T
-1.8152983120750796,15,A
-2.761214518957676,15,D
-1.575214279735407,15,G
-3.397874320956856,15,K
-1.9078806102047512,15,L
-0.3341534375972384,15,M
-1.0262421181758696,15,Q
-0.3528987788060669,15,R
-1.1731793018995378,15,T
-0.080750363351691,15,V
-1.5806510368194675,15,W
-0.353187426137902,16,P
-0.6405072507971411,16,Q
-0.20247804688680326,16,R
-0.5618998574283326,16,M
-0.9215132716453471,16,V
-0.016500181727419554,16,S
-0.3447730316938842,17,A
-0.31112958978534844,17,E
0.3846848758980579,17,G
-1.4986874768656537,17,H
-2.5281762740842213,17,N
-0.7151278370849471,17,R
-0.8437980183370127,17,V
-1.1237203716544215,17,Y
-1.142669577117045,18,D
-0.04726081546600593,18,S
-0.06550223114292857,18,A
-0.6102245814296859,18,C
-0.11764563139232732,18,V
-1.7446943153146055,18,R
-0.1500683147871047,19,G
-0.8110326473075766,19,V
-0.3647824643595782,19,N
-0.12444504157174613,19,A
-0.6622786717182153,19,E
-0.8087764445431018,19,H
-0.4702585797556036,19,S
-0.7048642494818094,19,Y
-1.0448045492807458,20,I
-1.2815203571625786,20,A
0.24515904908838665,20,E
-0.059461082424061854,20,L
-0.5537594582034435,20,G
0.595619819942009,21,D
-0.3705015924462607,21,S
0.04451849399616348,21,H
-0.014805254651793024,21,I
-0.7614457341622157,21,T
-0.6121124789266089,21,Y
-0.4867662956908686,21,K
0.24691022512027908,21,G
-0.27665158573399345,21,V
-2.841488407805371,21,C
-1.0898071331896715,21,F
-0.16896468322201746,22,D
-2.2141533130060758,22,S
-0.1214328855282298,22,V
-2.318697165464518,22,R
-2.3614836062752236,22,A
-1.357397521307109,22,C
-0.34568901752661135,22,N
-1.4606716720764439,23,R
-0.7394667965508483,23,L
-2.1763028529350703,23,Y
-0.3760819801022729,23,P
-2.247908769300232,23,N
-0.5204036743587293,23,D
-0.31331846792825235,23,Q
0.16603104229666948,24,E
-1.6579969604099676,24,M
-2.329200854894585,24,R
-0.7573620413071369,24,Q
-3.2638328092401654,24,T
-0.09332820542536213,24,N
-0.11929425646498883,24,L
-0.053037271258478194,24,G
-1.9841543358439235,24,V
-0.8902398887230094,25,L
-2.100325811490234,25,S
-1.0208878595686086,25,Y
-0.21861866514893735,25,I
-0.9523076941079976,25,C
-2.940048089198061,25,V
-0.7829588220916631,25,H
-2.6036663676531107,25,P
0.03472004085754903,26,G
-1.3505952700457864,26,R
-3.4646446828060067,26,C
-2.221562885712908,26,N
-0.9864270742230145,26,I
-1.449804740360577,26,T
-2.1577517836805966,26,D
-1.1191781351717158,26,H
-0.5354354041737391,26,V
0.34632039075019794,27,A
-0.08595513757632346,27,E
-0.6519849564609038,27,G
0.3136043458792688,27,M
-0.5469690765894223,27,L
-0.21753025471239593,27,Q
1.0410941172422998,27,K
0.0348658047745127,27,T
-3.3043721390798932,28,P
-2.9682211643270127,28,T
0.0182663548756061,28,F
-1.253034807483969,28,A
-3.0955963482466453,28,Y
-1.714657231947275,28,C
-1.946399920995123,28,L
-0.0862456287416487,29,D
-0.5046162750072706,29,S
-0.3423454342875799,29,C
-0.3325701647343332,29,A
-0.17657513969344024,29,R
-0.20629720395402493,29,V
-0.34997106514471665,30,G
0.3129227495187955,30,K
-1.0741227092876253,30,V
-1.5251353551787241,30,D
0.24759909966286386,30,A
-2.3090795182610373,30,M
-2.9892092090564937,30,Q
-1.3618545099853936,30,R
0.31664013870704544,31,A
0.28459730441346465,31,D
0.18888806720732995,31,R
-0.05039367586197616,31,S
-0.1255857285603717,31,C
0.13331684623457987,31,V
0.1593303372671303,32,A
0.37258967320009523,32,V
0.46676766436129724,32,G
0.3864244986937043,32,K
-0.33219871435119686,32,D
0.32549816266740916,32,Q
0.3951315361660714,32,R
-0.4640797429380861,32,T
-1.8374511571634127,33,D
-0.47291101279102765,33,C
-0.027673428870822043,33,V
-0.5945219627284409,33,A
-1.006178457562664,33,S
-0.9370750134433931,33,R
-3.619701102207473,34,V
-0.8726492296834578,34,E
-3.3495076803877,34,G
-2.01535519788145,34,N
-1.3812518187560396,34,A
-2.1988781021406196,34,H
-0.37825723345275475,34,K
0.32862730527713624,34,Y
-0.7285933959513541,35,D
-0.1542980646612388,35,G
-0.7273520998728161,35,P
-0.6299299410756467,35,S
-0.8693767493941853,35,T
0.11108653214821369,35,V
-0.5929272912496106,36,A
-0.2445689844989976,36,S
0.31952842600991943,36,I
-3.6965825250920044,36,P
-0.45463343854339433,36,N
-0.19490816317788923,36,V
0.2969207060561555,37,N
-0.5921737359297298,37,C
-0.45115083858049104,37,H
-0.4138315952745843,37,D
-0.18582357757713652,37,F
-0.1486936786848639,37,S
0.31293491838267545,37,L
-0.38202060375765595,37,Q
0.3431031195685645,37,W
-0.20192021546880157,37,R
-0.5121789522419361,37,E
-0.5779077002649942,37,T
-0.12458898133715392,38,R
-0.6353747492564066,38,S
-0.37156327738569145,38,D
-0.584283876034165,38,A
-1.5995235269114376,38,C
-1.1421077558028048,38,V
-1.3417335135629416,39,R
-2.0307874144089997,39,E
-0.6697323732400176,39,M
-1.1061416186334587,39,Q
-0.07398861540190639,39,T
-0.5839533591098837,39,N
-0.7133700596169786,39,L
-0.7951693916434794,39,A
-0.7502931673950486,39,G
-0.15274414326701005,39,W
-1.8592642859799462,40,P
-0.28083470602989014,40,Q
-0.4218687138421088,40,M
-0.292611913675271,40,R
-0.3716999393967666,40,S
-1.2334561578493861,40,V
-0.2440178354387708,40,W
-2.1975954010088614,41,A
-2.1008383761145977,41,S
-0.9428488240575678,41,P
-2.198863698970283,41,N
-0.5733302792985694,41,I
0.09193382412005936,41,V
-1.3250785732838248,41,C
-1.4000278855064732,41,G
-1.0306567532349016,42,P
-3.2162794640685353,42,Q
0.3162315090170532,42,S
-0.4860045346816505,42,M
-0.0641936798087732,42,R
-0.7332295658043556,42,V
-0.3916023863642536,42,T
-1.1255557307641442,43,E
-0.6895216925717783,43,M
-1.6872356805711914,43,R
-0.32371009321036015,43,W
-0.8819978326951926,43,N
-0.980459271743854,43,Q
0.23708034991502755,43,T
0.44805554718055507,43,V
-1.671492706726047,43,G
-0.3568958876083184,44,S
-0.598605348173862,44,C
0.005585450225049861,44,I
-1.1879458288121783,44,L
-0.8266193837545003,44,V
-0.25622143337802405,44,Y
-0.6034689084892185,44,T
-1.4014162443135239,44,P
-0.36000232980724256,44,H
-1.1791393115889688,45,T
-0.6949222898509713,45,V
-2.2576932693198613,45,L
-1.6286108689104861,45,F
-0.6296731514697219,45,N
0.484163060106084,45,A
-2.9146945220751252,45,S
-1.3767139512338376,45,M
-2.960967989280126,46,F
-0.7907000076834594,46,G
0.07631870076860194,46,R
-2.4935438227410036,46,S
-1.4063599071050343,46,W
-2.477560833405733,46,Y
-0.5864326939525945,47,A
0.03650677188875056,47,N
0.0122187722011777,47,S
0.22622395230727402,47,I
0.21103114887242627,47,P
-0.617520805410571,47,F
0.16196713811550104,48,S
1.1890579556695322,48,A
-1.533791450398277,48,I
-0.7755486432671171,48,N
-1.1813268344695038,48,P
-0.4503323892407296,49,V
-0.8746291556120821,49,S
-0.20142688195304276,49,D
-1.290961571467674,49,C
-2.138220034095379,49,A
-2.325916164959797,49,R
-0.6654422297814369,50,R
-0.15664408501025287,50,E
-0.01592000555299336,50,M
-0.534563109712222,50,G
-0.6752525829289213,50,T
-0.6257985415035201,50,Q
-0.11874243684907593,50,N
-0.23241463750335578,50,V
-0.33306276139944796,50,D
-0.2504689257987655,50,A
-0.20316144352744298,50,L
0.1239839116361468,50,S
0.13823687760848166,51,P
-0.40980476590654136,51,Q
0.012216374048199774,51,M
-0.5572535406966495,51,V
-1.049335753198107,51,R
-1.897671705854445,51,S
-0.6020005616483636,52,L
0.31682173475148395,52,A
0.05933518872032109,52,R
-0.20018360729201087,52,S
-0.4353983996908108,52,H
-0.37247878544349805,52,T
-0.24178559146089093,53,A
-1.190800340552218,53,L
-0.859177785753693,53,M
-0.6265383893357778,53,E
0.183744926011892,53,G
0.467941589199631,53,K
0.18950025245373225,54,L
-0.47931368200611324,54,S
-0.24070748302944403,54,H
-0.18477785047864392,54,T
-0.3724102442335167,54,R
-0.17901933373311052,54,A
-0.03505398593169114,54,F
0.584232041110635,55,R
0.7675781796485716,55,G
-0.6958547574150397,55,C
-1.4864105913698131,55,L
-1.5721633407150453,55,Q
-2.178498769228548,55,S
-0.9526033877449841,56,L
-0.21307632231768883,56,S
-0.8057567267634623,56,A
-0.3563144712146283,56,T
0.27434525417335653,56,R
-0.53425042139812,56,H
-1.0612770130949338,57,P
-0.1888060501942553,57,A
-0.41755012941322134,57,S
-0.5012828305135434,57,I
-0.5317195324894973,57,N
-0.8290037621637231,58,H
-0.33660158741685026,58,P
-0.7190203234507772,58,F
-1.1724149278487868,58,R
-0.6439746600794316,58,I
-0.4064292275923971,58,S
0.08238933122332619,58,V
-2.568647575742064,58,T
-0.28836888581918646,58,A
-0.7154612443882873,59,A
-0.19584487903564268,59,E
-0.40151115363524853,59,M
-1.4838387556479928,59,L
-0.7983808955997359,59,G
-0.4058176760681306,59,I
-0.30453662554815775,60,A
-0.45823896766792666,60,S
-0.3751185933711832,60,I
-0.7067690222798674,60,P
-0.30473279235187506,60,N
0.33015973852845376,61,A
-1.0012606164639053,61,S
0.7070349511720405,61,I
-0.4823980573799739,61,P
-1.019008348480648,61,N
0.068484334163717,61,D
-0.317306809997921,61,V
-0.7014892645829688,62,P
-0.2645212919635703,62,Q
1.9645355171077903,62,R
-0.37917047299050394,62,M
-0.30447153755671474,62,T
0.23038350058883927,62,V
-0.13777941497445395,63,A
-2.672820368623793,63,P
-0.9085471915718281,63,T
-2.0614419627347247,63,L
-2.4028738785924975,64,N
-0.8341562523210111,64,C
-0.3729649561752851,64,H
-0.2810767603630529,64,F
-0.9665561523908902,64,D
-0.9262752927163262,64,S
0.04558208366367724,64,L
-0.48670291645845976,64,I
-0.2364519346715312,65,D
0.09201643267608683,65,S
-0.01472351022477726,65,V
0.045945595250725266,65,A
-0.31789222905548786,65,C
-0.35751907974833186,65,N
-0.8318459974936826,65,R
-0.9764594041818417,66,A
0.04031051996008948,66,E
0.017143361944418088,66,M
-0.08740898894427875,66,G
0.02638216258705275,66,L
-0.903089196642357,66,T
-0.9267273636190942,66,R
-1.1957620688553898,66,K
-0.2598932510034039,67,R
-0.5171040152717743,67,L
-0.5344905830681627,67,K
-0.5536238064393842,67,P
-0.2540073480813771,67,H
1.4512417204398391,67,E
0.1031274795900295,68,R
-0.37042133510906355,68,Y
0.12488403083456542,68,S
-0.5511437733183715,68,F
-0.45555353017542943,68,G
-0.1111643363504076,68,W
-0.9237254613625848,68,H
0.1295953179483975,69,L
0.36853954887316814,69,S
-1.8111055958876547,69,I
0.5412539817728902,69,Y
-0.019576359614052838,69,V
-0.32110762932691783,69,P
0.046939228457816194,69,C
-0.05923455136102375,69,D
-0.045946325589915016,69,R
0.022181930877232393,70,G
-0.35403126038825455,70,C
-0.24647072821383204,70,R
0.2562890681506639,70,T
0.19576319006238393,70,N
-0.326480463429275,70,I
-0.09122945342671485,70,D
-0.5014187120635014,71,C
0.06712838561283191,71,S
0.17909991844031567,71,H
0.2602479084086622,71,L
-0.33079986159790203,71,G
0.13896620914360416,71,P
1.1573649445873906,71,Y
-0.3254594867306104,72,H
-0.6454067880594583,72,F
-0.3883154379079259,72,N
-0.7139857007730598,72,C
0.2838045298404874,72,D
-0.7286569454970554,72,S
-1.007695650997709,72,R
-0.5539210594051662,72,L
0.17287147895868424,72,G
1.0058080634319002,72,P
-0.5996809915081774,73,S
-0.6062138811876028,73,R
-0.11114544079256938,73,L
-0.6459615481096981,73,H
0.1521588979929798,73,T
-1.398492553563149,73,A
-0.5863749695446595,73,F
-0.003411865881393613,74,H
-1.556346112573722,74,V
-2.3567780845859945,74,G
-1.04115610977851,74,A
-0.6413034479447447,74,N
-2.658823041900193,74,E
-0.4094383005649895,74,Y
-2.93503220686366,74,S
-7.857054604112834,75,L
-3.1029544844685018,75,R
-3.0037925148429863,75,P
-0.3497225942142651,75,Y
-2.0207495854250026,75,Q
0.0241060491554625,75,N
-0.24970492144194878,75,D
0.016425352376606615,75,C
0.021634569467293845,76,T
-0.2210557950986664,76,K
-0.4034507681880034,76,L
0.6239180665516696,76,V
0.7437651059455364,76,I
-0.37377465278697647,76,R
0.4323051120407856,76,S
0.5844899078834104,76,A
0.869187871488795,76,E
-0.482155697546363,76,G
-0.05084209104959528,77,Q
0.20423257542394707,77,R
-0.4343288229946305,77,E
0.07914997327152073,77,T
-0.18207156521801027,77,G
0.08495223333633693,77,N
-0.41674376055599266,77,M
-0.0741364043856506,77,W
-0.40887162374497804,77,V
-0.38710741822683475,77,Y
-0.8896092376483276,78,L
-0.20812249610736028,78,R
-0.05064269464600665,78,P
-0.38298062385554643,78,E
0.06382994407225896,78,H
0.8057707680471276,78,K
-0.9030500481876917,78,W
-1.512869900333423,78,V
-1.189085451162144,79,P
-1.054571755510464,79,R
-0.9331567375661247,79,L
-0.852621858882649,79,Q
-0.18865079953322123,79,Y
-1.9979812797490053,79,D
-0.36784437457789476,79,N
-0.974267157085932,79,C
-1.4955131089256042,79,G
0.17941808236354767,79,A
0.1952893986469901,80,G
0.13259455753687016,80,N
-0.0014412456521675858,80,V
0.7106946454886146,80,Y
1.3758103988936552,80,A
-0.3472793999700072,80,E
-0.3658902454954369,80,K
-0.338704295107882,80,H
-0.5545637737622262,81,S
-0.6650235713578505,81,I
-0.06677048066500867,81,L
-0.33756679499468284,81,Y
-0.012702487675093431,81,V
0.14834579342055595,81,C
-1.6864561480066242,81,P
-0.5246079120836167,81,R
-1.8084102396895054,81,H
-1.2974449487259776,82,S
-0.5772402023359284,82,L
-0.16446055517662755,82,I
-0.7100304123354421,82,Y
-0.33988356520296426,82,V
-0.2285866090407556,82,C
0.00203676404697425,82,P
-0.3406652371332259,82,H
-0.7838070211191056,82,D
-0.15500523726352614,83,E
0.26924260414069673,83,R
-3.4195298812037325,83,M
-0.6035449425727177,83,Q
-1.6054341919780606,83,V
-1.1290654094079746,83,T
-1.5560640646621298,83,W
-3.525967999739299,83,G
-0.5970855273138754,83,N
-2.738322163484077,83,L
0.3913889361854654,84,F
-0.4753158134416683,84,P
-0.09356732597547726,84,Y
-0.32100707434240305,84,T
-0.3133406026151721,84,A
0.025478741928092585,84,C
-0.22505206410509723,85,D
-0.021206090799765983,85,G
-0.3754978486265966,85,P
-0.5493531187508567,85,S
-0.14352870233018106,85,T
-0.1915254349784152,85,V
0.19396746693444422,86,T
0.5692153293634447,86,I
0.20101555181784483,86,L
0.29484679333724984,86,V
-1.2762268744346243,86,K
0.6847396867123816,86,R
-0.3134201221385606,86,A
0.7031549990549868,86,S
0.19289659253451555,86,E
-0.3324031664462421,86,Q
-0.15545250701578242,87,R
-0.04224989419065598,87,S
-0.7665980889296532,87,A
0.27032726327120027,87,L
0.19692056202140912,87,H
0.7963094043858756,87,T
0.0583503366474591,88,V
-0.9689880001959635,88,G
-0.08687248986729491,88,A
0.2352459199546479,88,D
-0.0761062368951268,88,K
0.4437760109795587,88,Q
-0.7109947063697182,88,R
-0.5289395725663711,89,V
0.06483237056103724,89,C
-0.4194394860434297,89,D
-0.2390459127182663,89,S
-1.3730815059231736,89,R
-0.7285690164108286,89,A
-0.4709779963319448,90,R
-1.3007775022025347,90,D
-0.7043382496676176,90,F
-0.5994440442349691,90,H
-0.36860740460314784,90,N
-0.16238751697202725,90,C
-1.0299667415216338,90,S
-0.22969462973770233,91,A
-1.0467905119465306,91,I
0.09154775797080525,91,G
0.30699092542718354,91,D
-0.42310136680611865,91,F
-0.0118958942859877,91,L
0.06113517519741288,91,T
0.017130952407743077,91,Y
-0.029474989742586347,92,L
-0.8106885761024406,92,R
-0.43515287681454057,92,P
-0.12566542928563676,92,H
-0.047882734234016115,92,K
-0.3877265632537134,92,T
-0.4521812469854704,93,V
0.08999652831788743,93,G
-1.8238716407265778,93,K
-1.3833729917836355,93,D
-2.413256352538001,93,A
-4.405340957985828,93,Q
0.5048137537551917,93,R
-1.7736836927212725,94,C
-0.6267288076957799,94,S
-0.14988993471680728,94,H
-0.3647664795053116,94,G
0.35409680079359257,94,L
-0.19889180154588956,94,P
-0.9374481041812422,95,I
-2.956997118959926,95,S
-0.7639997760244892,95,A
-1.0198123329905127,95,N
-0.5205278055909779,95,P
-2.918406194547253,96,V
-1.2373032593223852,96,N
-1.1671814303985992,96,T
-0.826431133906306,96,F
-0.13108438431927613,96,S
0.2065712622313466,96,L
0.2777110511797322,96,M
-0.6440834015819944,96,A
-0.1807706079764368,97,S
-0.5072169995260067,97,I
1.4507883136058854,97,L
-1.4699614714991145,97,Y
-5.18101349427482,97,C
0.540469917331988,97,V
-1.7810273762587583,97,N
-1.4956569000449884,97,P
-2.9562861616977387,97,T
-1.035767883826901,98,S
0.27139505388445156,98,L
-3.2876716407534787,98,Y
-2.8638312622418765,98,I
0.33684715866259024,98,C
-2.3646498164999876,98,P
-3.0712535627608175,98,H
-2.2420630384306524,98,R
-0.4270164035168332,98,V
-0.46022282136731757,98,N
0.06478992997734341,98,T
-0.12825325353766737,99,M
-0.23407796053794483,99,R
0.052924547228106314,99,E
0.26212773266097045,99,S
-0.3656170968857506,99,Q
-0.3432493825520038,99,T
-3.039279907703827,99,G
-3.212323295393074,99,I
-3.3615984783288435,99,N
-2.5504263583085387,99,W
-3.6343073391797738,99,L
-0.3659030947631415,100,G
0.02277389974029777,100,H
0.2208606567010061,100,Y
-2.9768592997785435,100,A
0.7886880815897983,100,E
0.2205161608413203,100,N
-0.13431350101428302,100,V
-0.351500430876447,101,G
0.3664399956399674,101,V
-1.0487019452998276,101,N
-1.2183491527374302,101,A
-1.0444002265072145,101,E
0.15833310479511428,101,Y
-2.5015621777144466,101,H
-0.4059428415659988,101,S
-0.7044745915265079,102,S
-0.4946253861486729,102,C
-0.938803078199252,102,D
-2.871455346589872,102,A
-1.5545750963182128,102,V
1.40140027253881,102,R
-0.7878413053657664,103,Y
-0.054280731563165506,103,I
-0.265987975772297,103,S
-0.42940393943534083,103,D
-0.5609347655347886,103,T
-2.900014640982429,103,K
-0.6280036276045273,103,H
-0.5388652867494117,103,C
-0.21054784507745838,103,V
-0.631746048817677,103,R
-0.5603032577763036,103,G
-0.4077077400140615,103,F
-0.2946854963651729,103,L
-0.4944996774442846,104,F
-0.5143161903643229,104,H
-0.6517332989119451,104,C
-0.895348010998695,104,N
-1.4837854272589117,104,D
-0.15629210308464697,104,S
0.47711237072837015,104,R
0.8601522333010314,104,G
0.0637115607867762,104,L
2.1591747646387502,105,R
-0.6874510499552771,105,M
-0.497458646198588,105,E
-0.6024993947484827,105,Q
-0.25395921860627674,105,T
-0.536506572312495,105,N
-0.38580314315900915,105,V
-0.03298669670384886,105,G
-0.11986495534856355,105,W
-0.2986071820540209,105,A
-0.023221398703565474,105,S
0.18201714245905776,106,A
-0.08925136750948781,106,S
0.7469861444074334,106,I
0.17660207976172834,106,P
-0.48131645373408083,106,N
-0.10471526578613219,107,S
-0.20337237496429292,107,H
-0.27553646748048316,107,L
-0.18430785204647948,107,C
0.37298863220256123,107,G
-1.7181705872046924,107,P
-0.07312973904382634,108,D
-0.17173307995838305,108,G
-1.1164633682227132,108,P
0.17566231035398913,108,S
-0.7970621936898472,108,T
-0.13789861655003524,108,V
-0.99440205425214,109,D
-0.32394795494653694,109,V
-0.012898036746917278,109,G
-0.004563071321671456,109,K
-0.22249324495868783,109,Q
-0.03452773473450043,109,A
-0.13365804017475147,109,N
-0.5737344089673257,110,G
-1.0883217128759008,110,A
-0.23477917328837958,110,E
-0.4256203970160769,110,M
-0.377104457301411,110,T
-1.320493882095247,110,L
-0.3641908474184119,110,S
-0.13323969912568842,110,I
-0.5085745676696388,111,R
0.283027513637828,111,E
0.13903039650619342,111,M
-0.7604539290802801,111,Q
-0.3544468892749229,111,G
-0.961868294893735,111,T
-0.48301423601339005,111,N
-0.7297431109816622,111,L
-0.6639353329903572,111,A
-0.08022445206571384,111,W
-0.35598160749758784,111,V
-0.3431972870087271,112,V
-0.34732612730504203,112,S
-1.5198440333009198,112,L
-1.3344534499236953,112,Y
-1.076261844046588,112,C
-0.8308541293145392,112,I
-0.8871018235168534,112,P
-0.25158158868613023,112,H
0.002444346644116397,113,K
-0.09254781254721489,113,V
-0.3531247094191081,113,G
-0.48739631578993514,113,Q
0.4474603560658437,113,A
-0.024058705149924465,113,D
-0.3663825405391248,113,R
0.8484090527881198,114,D
-0.1853472017332604,114,C
-0.43988285055173054,114,S
0.09173040997141696,114,R
-0.1689891294063513,114,A
0.46053562452013497,114,V
-0.24848693637992786,115,G
-0.228152754018696,115,N
0.1932335932425445,115,V
-0.09777415973908003,115,A
0.0030677134199916657,115,E
-1.041867217969299,115,H
0.09870163769786337,115,S
-3.1963959207627077,115,Y
-2.014899485994448,116,A
-2.4606287646177796,116,S
-3.1468944697707446,116,K
-0.9227013966718125,116,I
-1.0721988840678416,116,P
-2.9710027174776408,116,L
-0.6677944895264698,116,R
-0.6080961998864088,119,D
-1.3234597007437157,119,S
-0.1169965321135093,119,Y
-2.28924266532345,119,I
-0.7027598448654404,119,T
-0.7344335388753638,119,A
-0.43914735454310266,119,K
-0.36906274924263355,119,H
-3.289719318490844,119,G
-1.3535366552179238,119,C
-3.179884954447237,119,V
-0.6142379820613206,119,R
-0.01429292658196083,119,E
-2.152373367054027,119,L
-0.7070990316386215,120,C
0.017234214315256596,120,S
-0.414020449229501,120,L
0.7030035576256717,120,P
-0.4355535735700996,120,H
-0.695924091766369,120,G
-0.32864230856165766,121,V
-1.8474538354655508,121,T
-3.434777399203536,121,F
-1.4426565257947497,121,N
-2.980826275554263,121,L
-0.8095300570506438,121,M
-0.2835257343912233,121,S
0.21326975986942961,121,D
-0.11340834600423468,121,A
0.5544548681364079,122,V
-0.1842507394414712,122,A
-0.040792865110633965,122,G
-0.0270540315665936,122,K
-0.24234152714337343,122,D
-0.6413465148371944,122,Q
-1.236010000402858,122,M
-1.534428577958952,122,R
0.8296713088024755,123,P
0.47992237033002083,123,Q
-0.49168296186651256,123,M
0.0055273817327788684,123,V
-0.36194560014963967,123,R
-1.983944123263695,123,A
-0.005886742501320089,123,T
-0.3581807299614565,124,R
0.3878828387341907,124,E
-1.9684662480406374,124,M
-0.7035397493948053,124,G
-0.03457599007026798,124,N
-4.0561069653200565,124,Q
-2.9595337637611716,124,T
-0.6805726792835827,124,V
-0.4736785155480514,125,R
-0.1730935120462621,125,C
0.2805558831090271,125,A
-0.09940342884041357,125,S
-3.1296450936165816,125,D
-2.268548402583168,125,V
-1.7465353404761292,126,V
-2.965555626049617,126,T
-0.4177311711594145,126,F
0.2108636988715874,126,N
-0.4651783279921177,126,L
-0.38272666278548084,126,S
-0.6362615378439064,126,D
-0.6804843753554266,126,A
-0.3502219254329458,126,M
-0.0013414280863203191,126,Y
-0.5069557217454296,126,P
-1.424118493239574,127,G
-0.8760897973098758,127,N
-0.4478103910319635,127,E
-0.6497153532772687,127,V
-0.20772686796027826,127,A
-0.5801315324113011,127,H
-0.4151716094548296,127,Y
-1.2965273292612813,127,S
0.20194508627635285,128,L
-0.360440568406761,128,S
-1.1353148770779184,128,I
-2.4648274871876117,128,P
-1.6788488860740656,128,Y
-1.1396699500722507,128,C
-0.6195568852646279,128,V
-0.8391636005241745,128,R
-2.3448371092385343,128,T
-1.9631256027804114,129,E
-0.5308978162504097,129,R
-0.43806190977451465,129,M
-0.5209463187120229,129,Q
-0.4725989145474455,129,T
-0.9448079072262703,129,V
-0.8795136544678467,129,N
-0.32828631618130394,129,G
-0.7710774358383868,129,L
-0.6016476230163134,130,G
-1.5931314297646633,130,V
-1.7765556633595627,130,D
-1.9691438856422046,130,K
-2.2704842926980966,130,A
-1.7469259502547296,130,R
-0.7500042670115902,130,Q
-2.159439765984972,131,G
-0.23582844193203353,131,E
-0.32465087464057324,131,V
-0.04823951564697229,131,N
-0.13447627906015497,131,A
-0.7355643572373075,131,H
-0.28819195814531556,131,Y
0.017212859848217393,132,V
0.04316524015590097,132,S
0.0055324981902851135,132,R
0.11542868562012432,132,D
-0.4768352274581822,132,A
0.6125573735488019,132,C
0.034402488560914025,133,Y
-0.704821282900283,133,S
-1.7701998451421255,133,D
-2.951594379812829,133,I
-3.014259429237184,133,H
-2.816999037279487,133,T
-0.25039368455878536,133,G
0.602256451323708,133,K
-0.3737323628008805,133,C
-0.36411887926908093,133,V
0.05138485095919179,133,A
-0.0013607981141027458,134,T
-0.05094872308274112,134,V
-0.1518642275705406,134,N
-0.18359383792933967,134,F
-0.5516358034559854,134,L
0.5704604355094473,134,S
-0.5760736791268838,134,M
-0.6789196304982589,134,Y
0.13432551437425064,134,A
-0.27579942454978,135,Q
-0.6536359045089084,135,R
-1.6789145717638714,135,P
-0.40575593435804663,135,M
-0.7285392269113043,135,V
-0.19275684855789246,135,T
-0.6510414668617917,136,E
-1.0383000413166854,136,R
-2.94008537838248,136,V
-2.921315925275516,136,A
-3.0297305815578044,136,W
-1.4373940233150801,137,R
-0.6586318159062644,137,L
-1.8552605093114778,137,Y
0.06054190523261512,137,N
-2.9908667568007603,137,Q
-3.3450211502742913,137,P
-3.40945481043074,137,D
-3.2922174500296437,138,M
-3.0036742661295555,138,R
-0.5121287546359788,138,E
-2.962272221961772,138,Q
-1.0059603774359962,138,T
-0.38654984991787245,138,G
-0.9685370886838899,138,V
-2.005327811343162,138,N
-8.877468429264507,138,W
-1.3524342410418824,138,L
-4.866458916506312,139,P
-1.2574704373503798,139,Q
-0.3217028243378705,139,V
-0.007681949176754183,139,M
-0.9884827952874338,139,R
-1.2655486788693393,140,G
-1.234801056276087,140,V
-1.6436705856616936,140,K
-0.12561227920735407,140,A
-1.934993082883049,140,D
-0.9132161448562575,140,M
0.5342252094158522,140,Q
-0.7131537360784034,140,R
-3.8431226245869285,141,N
-2.499856011340064,141,H
-2.379990160962218,141,C
-0.9888780399256459,141,F
-0.11141434787214498,141,S
-3.27526203379385,141,L
-0.13209451520211873,141,D
-0.5738588579231025,141,R
0.8487085325195113,141,I
-0.09625334316622841,142,Y
-1.3305895507631367,142,D
-1.44216471559401,142,S
-2.7865596146090996,142,I
-0.11409031805060466,142,H
-2.089467018486005,142,K
-2.7502120644033083,142,T
-0.35234190971972196,142,G
-1.7477697269891608,142,E
-2.755766509773874,142,V
-3.1972319192097616,142,A
-1.8795574846042862,143,H
-1.274118475410251,143,Q
-1.6992437568637238,143,C
-2.052776112319765,143,F
-0.25992557540640426,143,N
-0.3529580674080857,143,D
-0.5622783277073372,143,R
0.10465191938718042,143,S
0.6637752501651162,143,L
-0.3029710456935531,143,G
0.39970105301272646,144,D
-2.15021002705155,144,S
1.109803013803453,144,I
-0.4865281884895441,144,K
-1.7334972338088515,144,T
-1.2083718485604056,144,Y
-2.7491625686946852,144,H
-0.18657670907009308,144,G
0.07382583165779227,144,V
-2.629401841060062,144,A
-0.19963053664180339,145,G
-0.37918757202954867,145,C
-0.7909243115889182,145,N
-0.3808289623965376,145,R
-2.939529494526727,145,T
-1.0508118462468758,145,Y
-0.9180349158447024,145,D
-1.531149053220248,145,A
-0.7404784934813734,145,I
-1.5400473240263604,146,L
-0.6280612679290418,146,R
-1.2416369588196539,146,P
-0.11696818591388977,146,Y
-0.5346714867263966,146,Q
-0.16574409923334746,146,N
-0.19044301478184456,146,D
0.10105066693659223,146,F
0.9982416254538469,147,S
0.21962676875866027,147,T
-0.3184018137128209,147,D
-0.3687223160183357,147,H
-0.4224959059347541,147,Y
-0.2874690746642228,147,I
-0.06040442327406097,147,K
-0.21321659034481108,147,G
-0.5793957334180914,147,C
0.04787447524450804,147,R
-0.14170441631259373,147,V
-0.5191414795096767,148,A
-0.14191366668728897,148,I
0.10967049085292443,148,D
-0.5432661639612969,148,L
1.1927828707293542,148,G
-0.28371593227628755,148,F
-0.34962181167555434,148,T
-0.32428789354125087,148,S
-0.059001255104979715,149,C
-0.16679866515406086,149,H
-0.26467038673139626,149,F
0.2030961040669328,149,S
0.1311248544933166,149,N
-0.3650146541034475,149,D
-0.022508871303307105,149,L
0.03663677201443624,149,V
-0.04066941098980845,149,R
0.02374432366478231,150,V
-0.15819291928440307,150,N
-0.10190842849479287,150,L
-0.3445928983737126,150,T
-0.04368633231808305,150,F
0.04447738977210475,150,S
0.0759935363813521,150,G
-0.05817924972393283,150,D
-2.298949866830874,150,M
-0.26394200802067963,150,A
-1.105085614436049,151,T
0.10347798387370911,151,L
0.3478489982989522,151,K
-0.030933705855947742,151,S
-0.11870130907290283,151,R
0.24386645209385738,151,V
-0.05741310405261514,151,I
-0.31991530887534486,151,A
0.07182511166166142,151,E
0.21264924164910426,152,D
0.11263274536659876,152,G
-0.004787291926393448,152,P
0.5676330440278519,152,S
0.02270039935679471,152,T
0.0021388417373230965,152,V
0.5502749709508721,153,G
0.11515016843953213,153,V
1.8628728992074706,153,N
-0.2499435127258465,153,Y
-0.16497800165805787,153,A
-0.0629984666870792,153,E
-0.053199113025831996,153,H
-0.6112936955165136,153,S
-0.2165629298192682,154,E
0.03574948341430314,154,M
0.2825470742041301,154,R
-0.5905759727835885,154,T
-0.18433819749254085,154,N
0.319135987152428,154,Q
-0.8041757469575598,154,I
-0.2149525144945653,154,V
0.05078085124774856,154,L
0.036784886252601574,154,W
-0.22506509714350453,154,G
-0.1261717995047927,155,L
-0.3349591431483608,155,R
0.46310605323881204,155,P
0.7260626736513656,155,H
0.2713800046423413,155,K
0.45612014360211967,155,E
0.07623808350118534,155,G
0.45381415773988065,155,W
0.039007729943784646,156,R
0.10115571233766694,156,Q
-0.018698112203222154,156,E
-0.23362574630987032,156,M
0.08957330357857311,156,W
0.10192927850224745,156,G
-0.114706050031322,156,N
-0.05937111923998859,156,T
-0.8279316744525984,156,D
0.4398657670141342,156,S
-0.7592234929538657,156,V
-0.9247127265424683,157,S
-0.2789720327664537,157,T
-0.02643440336751361,157,D
-0.44622641774523114,157,Y
-0.72228663767247,157,G
0.15980214056048886,157,I
-1.7453257123666652,157,V
-1.4520912195589561,157,H
-2.292105172934003,157,K
-3.3446251464437355,157,R
-2.3547847263415203,157,A
-1.7716847666396993,158,S
-2.8011146778376537,158,R
-2.0272315728122168,158,V
-2.372145205392368,158,C
-0.36389885722033877,158,D
-0.5221274483121985,158,A
0.36286977962619094,159,V
0.018861449383677554,159,F
-0.671965155070667,159,N
-0.4404394488250777,159,T
-0.37771924030236415,159,L
0.3446433206741197,159,S
0.1961280242510166,159,A
-0.5189597515816157,159,G
-2.292510873527376,160,E
-3.384170222765245,160,R
-2.8841243798817673,160,M
-2.2152265550377077,160,N
-0.9834531096429028,160,T
0.3514990905579935,160,Q
-0.3495742336814015,160,S
-0.37673358332653273,160,W
-3.453029024308849,160,V
0.031746914931300836,160,G
-0.0743912550889999,161,A
-0.17210811340813445,161,E
-0.5548305690336435,161,M
0.4820861422290459,161,G
0.5982517159431303,161,L
-3.593678105345159,161,K
-2.285757559732148,162,S
-2.939581660718553,162,H
-1.1436564751035416,162,D
-2.9834595982800525,162,Y
-2.984610903528108,162,I
0.275659006677865,162,T
-0.5111212292349743,162,V
-0.23901027937201133,162,K
0.23959032410101253,162,G
-0.24674810001750927,162,C
0.44396617352093787,162,R
0.19379304628329116,162,A
-0.4384679064479378,162,F
0.01561087188443283,163,S
-0.005887370055235558,163,L
-0.42470485910993716,163,I
-0.12397594007070731,163,Y
-0.35074394610381887,163,V
-0.5633125921250826,163,C
0.6200635944836114,163,H
-2.389050423449226,163,D
-2.963412672105675,163,P
-2.9971187350741433,163,T
-3.7735395028863135,164,T
-0.9629204420043971,164,R
-2.5000568438759214,164,M
-0.5328062579830446,164,E
-0.05151075254849012,164,Q
-1.2208863970513668,164,I
-0.6207932997765193,164,N
-0.9445689499181622,164,V
-0.35939406286635533,164,D
-0.40353292092844817,164,G
-0.5421382335605271,164,L
-4.378786720665303,164,W
-1.8941761568480844,164,S
-2.547992806146102,165,T
-1.6244145831420602,165,V
-2.553015543539289,165,F
-2.347636762034849,165,S
-0.36457486330570194,165,D
-0.3313888929181934,165,N
-1.8999503131605937,165,L
-0.5059431255493788,165,A
-0.9804834594658897,165,M
-0.34291141550803245,165,C
-1.4210011059211907,166,C
-1.2775462264043485,166,H
-2.4445459306299138,166,S
-1.6420138895858067,166,P
-0.8085813272805606,166,L
-0.46766246215258855,166,G
-0.6184493621736674,167,R
-1.1748809681793637,167,L
-0.0818982831766029,167,Q
-0.16182929454676398,167,Y
-0.5042429000633076,167,N
-0.7959197837851326,167,P
0.3906705458254279,167,C
0.35792009493070415,167,D
0.3481748041263604,167,S
0.2997981271942542,168,S
0.3759220235066925,168,D
-0.2168933116468222,168,Y
-0.05864141978281367,168,T
0.15890147915220465,168,H
0.9046431305956819,168,I
-0.296845311631192,168,R
0.0046661794037077264,168,K
-0.07092412995227472,168,G
0.005151299635132293,168,C
0.22014966025574859,168,F
-0.32838650862229,169,T
-2.2483754120355126,169,V
-3.000176613369207,169,N
-2.5712508024442076,169,L
-2.487525488317004,169,F
-2.742882615122335,169,S
0.09488032719001827,169,D
-0.9949116945065586,169,M
-0.26979484739602577,169,A
-0.7236691447303889,169,H
-0.8151568111395432,170,G
-0.33822907403628605,170,V
0.8682827398923443,170,K
-0.05913933955556902,170,A
-1.2499231844700345,170,D
-0.08890348857744311,170,Q
-0.021737474141929693,171,G
0.3819093800027844,171,E
0.2695453440796376,171,N
0.0752933323002639,171,V
0.480902469801472,171,A
0.22807048599651603,171,H
-0.21369465325095896,171,Y
-3.200779479470681,171,S
-1.7880075415887358,172,S
-0.6223012638667064,172,A
-1.502308332131907,172,D
-0.2440178114802236,172,C
0.7379344813248822,172,R
0.4406876513824339,172,V
0.08826957345021517,172,Y
0.011391189977362192,173,G
-1.785248745981478,173,R
0.5378822734413231,173,C
-0.23404457167691237,173,T
0.05901040145782223,173,N
0.2288485265400733,173,I
0.43304998668215466,173,D
-3.2262581849923166,174,A
-2.2907016462019345,174,G
-0.7516009266993866,174,E
0.0047727715633021795,174,M
-3.7924302605922784,174,L
0.31187202575942063,175,L
-1.4891799445454967,175,R
-1.7398013535918426,175,H
-0.7695364743920207,175,K
-0.6100224542464631,175,P
-0.4289147801642399,175,E
-1.2777002587991197,175,G
-1.6453089107636658,176,P
-0.7318457560922216,176,H
-0.6946829125273335,176,R
-1.8246534828290408,176,I
-1.843914994448845,176,V
-0.34166473545459575,176,F
-1.5667911074347693,177,P
-0.5810452913253843,177,S
-0.8099103404773267,177,T
-0.2571810720124069,177,V
-2.658408209710884,177,D
-3.578770136420473,177,G
-0.3527600312100978,178,V
-0.8970358149720701,178,G
0.18953183321057368,178,Y
-0.4031543117809119,178,N
-0.6465402603170715,178,E
-1.6528849614366163,178,A
-0.9714812482682146,178,H
-1.4952232468259594,178,S
-0.6897168769485974,178,I
-2.9032644341720353,179,Y
-2.7976842148201126,179,R
-2.9561692254621454,179,C
-1.072939738427641,179,L
-2.8989565014366887,179,Q
-2.683541515217623,179,P
-0.849803068861549,179,N
-0.46519755543880575,179,D
-0.5389178137696288,180,C
-0.7975622362107856,180,N
-1.6988355107543915,180,F
-0.049929053917133585,180,H
-0.31436285398776803,180,D
-0.8316467051125512,180,S
-2.282113759857082,180,R
-0.5136462557267403,180,G
-1.7655436606391475,180,L
-1.6490012452990455,181,P
-1.7412859784847035,181,L
-1.8914807858816887,181,R
-1.0081434937453224,181,H
-2.264765254100365,181,K
-2.9368575849838936,181,E
-0.7372305075207155,182,R
-1.1328301761961153,182,L
-0.373932331228212,182,P
-0.3366389460146507,182,H
0.5754916583289706,182,E
0.12567354976073603,182,K
-0.8334684405041136,182,Y
-0.2833114168748262,182,W
-0.13179158362834484,183,S
-0.23909105521757434,183,D
-1.5286105897862958,183,I
0.15975373285084182,183,V
-0.6937151240742102,183,Y
-0.3616079035762079,183,P
-0.6984175787643283,183,A
-0.4306241759386302,183,G
-0.07703549397747468,183,T
0.44539408845841,183,H
-1.8254795315533627,183,K
-1.6647403104930236,183,R
-2.973829267694215,183,C
-0.2947831204957128,184,S
-0.686831570952236,184,A
-1.7310451895514554,184,I
0.743380225007788,184,F
-1.4859844203062258,184,P
-1.891544286841084,184,N
-2.9552116521353144,185,L
-1.3434274458939444,185,S
-1.7433032255468979,185,H
-1.8240861105326271,185,T
-2.7064745432309336,185,A
-0.825003739417848,185,R
-1.4317529136005225,186,V
-11.06157414492484,186,F
-3.019593038394881,186,N
-0.3543041267129156,186,T
-2.748837580769633,186,S
-0.6443292402304613,186,L
-2.5701658839009967,186,M
-2.4088054762492535,186,Y
-0.21889884585274338,186,A
-0.621927532209982,186,D
-2.5454671110479508,187,R
-4.163254706590972,187,A
-5.851143498128868,187,D
-3.578565841244926,187,S
-2.50011284146271,187,V
-1.6964928951657396,187,C
-0.3480913319462684,188,G
-2.496842120218673,188,V
-0.48766803239060896,188,E
-0.2404727087610028,188,A
-0.2979705105373241,188,N
-2.790760146452533,188,Y
-2.0176594366063405,188,S
-2.9760035907963207,188,H
-1.3018289787986455,189,R
0.04725882604494375,189,S
-1.863989518004384,189,D
-1.977309378696541,189,C
-4.083228407353641,189,A
-3.9409829293724536,189,V
-1.9126636808574862,190,S
-2.955217213640324,190,L
-0.7355801876006755,190,R
0.7925854514998549,190,T
-1.116521519209982,190,H
0.1343077360331143,190,A
-2.643008129082972,191,A
-1.807879948631071,191,E
-6.295016938830416,191,M
-2.4107067307821053,191,G
-0.8523097549654388,191,L
-2.9046889613933526,191,K
-0.3389218121355305,191,T
-1.940775286081253,192,Q
-1.2501110049273163,192,P
-0.8543603946642826,192,R
-1.6213957310121736,192,V
-1.0413632433930886,192,M
-0.10853717652270604,192,S
-1.4093576506512682,193,P
-0.789265359674117,193,R
-0.34539487695591714,193,Q
-2.051452359266782,193,M
-0.10947840691122433,193,V
0.5055946590969908,193,K
-2.979373883041089,193,T
-1.2971815923186323,193,A
-2.3885103397652765,194,S
-1.4267900552708366,194,L
-0.4687295756498701,194,T
-1.9721648734567592,194,A
-2.1080823278960223,194,H
-2.938728494441333,194,R
-0.812280387837424,195,G
-0.3461261179720807,195,N
-3.165587013412512,195,V
-2.862035297496131,195,Y
-3.3056253393465282,195,A
-0.7743802419951068,195,E
-0.37322408027780807,195,F
-0.7268723286366474,195,S
-1.301504953874575,196,S
-9.147126216043937,196,I
-1.151355923257461,196,D
-2.379220471825225,196,H
-5.640670895499389,196,F
-8.47692662090582,196,K
-1.892617953252242,196,Y
-6.678582709999322,196,G
-3.2072591209823225,196,T
-3.780176863000822,196,E
-1.1255125720647718,196,V
-0.437166938938604,196,A
-3.665991276339115,197,R
-4.089659917427061,197,Y
-4.109917698195387,197,L
-2.7927151987952725,197,P
-2.9935866572086134,197,N
-3.8421076581607587,197,D
1.2416582342720486,197,Q
-0.19406568973000227,198,H
-1.2941483778859055,198,C
0.7390421508248007,198,N
-2.1549319444539674,198,F
-0.18379991338203844,198,D
-0.10647269105735736,198,S
0.42907770968826714,198,L
1.2163222101675448,198,R
-3.522649301518076,198,P
-1.2308322378416572,199,P
-1.8341369795247713,199,Q
-1.6038604174605249,199,R
-1.7729521805573711,199,M
-0.22393423203842913,199,V
-3.221057322483499,199,H
-1.348795543980993,200,G
-1.3951564970814516,200,N
-2.555476882647423,200,C
-2.201400214928994,200,R
-2.9549005712871512,200,I
-1.6709080219152723,200,T
-0.7788322428748222,200,D
-2.0144696899764916,200,V
-0.895843700634058,201,A
-1.9416868368693223,201,N
-0.6703333602534971,201,S
-0.1707185969012497,201,P
-0.7364532069276923,201,V
-2.9792288264361506,201,I
-0.37231590399193076,202,L
-0.07226597280903012,202,R
-0.5331877736608341,202,K
-0.10785641325267138,202,P
-0.8483721962727969,202,H
0.30317303568079074,202,E
0.11367440038497532,203,T
-0.10691164288446563,203,P
0.23637559102961686,203,A
-3.782719802259922,203,C
0.0766882123377587,203,Y
-2.085815662248766,203,F
-1.480992843543882,204,G
-0.3644742379429971,204,D
-0.41863587211088554,204,S
-0.5809313733372851,204,T
-0.03693614394797803,204,V
0.19158054683202333,204,P
-1.5909904301860514,205,Q
-2.6208457439911017,205,P
-0.006098914882665152,205,R
-2.885877153452839,205,M
-1.7912357700118688,205,V
-2.4173256075039182,206,G
-2.935143697037146,206,C
-2.791199765992932,206,N
-3.6892059591120803,206,R
0.9252835365608988,206,I
-1.77417766980146,206,T
-2.043119754340755,206,V
-0.36209377103607937,207,E
-0.5575139647718019,207,N
0.11664389600660509,207,R
-1.69063261294687,207,I
-1.1754363791787366,207,T
-0.035868799146259706,207,Q
-1.0945761714572921,207,V
-0.37183667307754403,207,G
-0.4111649958041049,207,M
-0.38917924472357157,207,S
-0.16306406439159887,207,D
-0.5761093666095042,208,G
0.2615805391337215,208,V
0.10626442533232675,208,N
-0.2706246384135186,208,E
0.8492216288717491,208,A
-0.5889015772967958,208,Y
-0.4811353655024716,208,H
-0.668192028602341,209,A
-0.07039540994931345,209,L
-0.8765616182217488,209,T
-0.10606722026783505,209,S
-0.8492675420047614,209,R
-0.3273693019094153,209,H
-1.289836740998691,209,F
-2.2608004997697626,210,S
-0.28710227439770597,210,D
-1.3111570105291948,210,I
-0.767966114548813,210,Y
-1.678766322597478,210,H
-0.3004277792216583,210,F
0.29646504453112826,210,G
-1.4305042958315206,210,K
0.021714358044732495,210,T
-0.6625843365868415,210,R
-0.06465495058682763,210,C
-1.29333899962958,210,V
-0.5168896037638379,211,V
-0.6317439511980677,211,G
-0.2760400316013068,211,K
-0.7631185292770604,211,A
-1.2948967037382764,211,D
-1.109218194131781,211,M
0.8033433519161749,211,T
-0.09448886339975139,211,Q
-0.20823040305584536,212,E
-0.6741011241929322,212,R
-0.11763457315045255,212,M
0.11298621023052415,212,Q
0.47323913865561706,212,T
0.21621917596364496,212,N
-0.2142034390552279,212,L
-2.229100243323257,212,I
-1.27512884813166,212,G
-0.4311136764032064,212,A
-0.39848835229308627,212,W
-0.22706888187508034,213,C
-0.7328239217179972,213,P
-0.6147078600915579,213,H
0.0670302872105417,213,G
-0.33808916017042434,213,L
-0.6722829717348826,213,S
0.03968685364899044,214,E
-1.4943920393715153,214,G
-0.29805535319414517,214,Y
-0.5879044597845766,214,V
-0.30368320400921,214,N
-2.558642781355489,214,A
-1.1329758790931135,214,H
-3.068141358343919,214,K
-2.9439123637358784,215,P
-2.7734979314036674,215,R
-1.5135811525368001,215,L
-0.3614730806487565,215,Q
-0.9272640447334427,215,Y
-2.6193331938429147,215,C
-1.7160127728011836,215,D
-1.7638985256015918,215,N
-0.745301635360883,215,F
-1.914642854970702,216,L
-2.4434904693664237,216,T
-2.414650295613347,216,K
0.044369503286183776,216,V
-0.3129075821071036,216,R
-2.5780819216842388,216,I
-0.840719685123702,216,A
-2.5368580326134036,216,E
-0.31211093264187534,216,S
-2.29461640452535,216,Q
-1.0697261233068447,217,A
-2.1678114055059963,217,D
-1.3829607930708308,217,I
0.6144490193961684,217,G
-2.950001283631713,217,F
-2.3729972537975357,217,L
-2.445409230560135,218,M
-2.702988227769984,218,P
-0.8672327588467146,218,Q
-2.9325431521889405,218,R
-0.9656883410780881,218,V
-1.8203036155119232,219,Q
-2.906713239558069,219,P
-0.29658903996262037,219,R
-0.38193587751142233,219,M
-1.4695914703338089,219,V
-0.7063612246621411,219,S
-0.7877618255692249,220,G
-0.3692892861690192,220,V
-0.3543703819752996,220,K
-2.1390282034771193,220,D
-1.8878857963601814,220,Q
-1.1753112448421228,220,R
0.40672777223133116,220,A
0.4275827404624581,221,L
0.11200890955502404,221,I
-2.233499669489159,221,S
-1.9813863349121223,221,Y
-0.5659881851073303,221,C
-1.7203100586674474,221,V
-3.5295050978646696,221,H
-2.9568492152970864,221,P
-0.7943320913939994,221,T
0.08423335341859253,222,A
-1.8063192992054935,222,E
-1.3815501343425258,222,G
-0.6960176532852491,222,M
-1.2206130381453553,222,K
-1.100490722810222,222,L
-0.6949063455054317,222,T
-0.878519159270755,223,S
-0.6348009570187788,223,A
-0.16893006802396346,223,I
-0.2995078872502629,223,N
0.4570756841831973,223,P
0.15439782451326167,224,D
-0.18164081047984457,224,S
-0.29036613501608655,224,T
-0.10832273407932866,224,V
-3.028124066123394,224,P
-3.5030637806249176,224,G
-2.8855522162542857,224,I
-3.905112060540134,225,D
-0.7447610277348127,225,P
-2.9741948123651127,225,S
-0.31471438790950884,225,T
-1.0441577000393805,225,V
-0.29664798845014717,225,G
-0.7696554983247544,225,N
-0.017502372607561788,226,R
-1.0405575682367068,226,V
0.22054071164037353,226,E
-3.1163695070602477,226,W
-2.7734486284392608,226,A
-1.023567413770911,227,V
-2.3521756645049585,227,T
-2.9594959022995773,227,F
-2.511785871302183,227,L
-0.23705492459539915,227,N
-1.014535361433049,227,S
0.1525804042590463,227,A
-1.5824772030898844,227,D
-1.9230650393742026,227,M
-0.40206815671007956,227,G
-0.452328746872552,227,Y
-0.3613075837483063,227,P
0.5501391464333719,228,S
-1.8701913279963367,228,A
-3.2365560495827776,228,N
-3.132374928705387,228,P
-2.827204524932907,228,I
-0.7329528385870367,228,F
-1.435365684539212,228,V
-1.158989677489491,229,L
-1.1676992731471045,229,P
-1.0958412214505875,229,N
0.044975967044880064,229,R
-0.8684996127871468,229,Q
-0.6521656035260368,229,Y
0.5110785844483157,229,D
-3.1511968864836715,230,D
-2.906582681836453,230,A
-3.3315344703645846,230,S
-2.0051540780811616,230,C
-2.8095143807452363,230,R
-3.049618461561993,230,V
-0.38782005426042765,231,T
-0.15413153343336747,231,K
-0.02343720587932129,231,V
-0.12168851061280518,231,L
-3.0905333522715326,231,A
-0.4884180803050155,231,I
-2.749253912849015,231,R
-1.8913738896141274,231,E
-3.2982014791434233,231,S
-3.042294192518166,231,G
-1.5061604802380912,231,P
-1.1909410129206015,232,N
-1.2447299754998713,232,G
-0.2139022214718286,232,A
-0.1677296341141207,232,V
-0.12092202589073663,232,E
-0.20865159609829936,232,C
-0.07251669779827588,232,H
0.5559493016503815,232,Y
-0.39586778705598086,232,T
-1.7707196219348635,232,I
-1.34398924723443,232,S
-4.258424102490829,233,G
-2.2167697254661602,233,K
-0.5390530760372536,233,V
-2.074666752761579,233,A
-2.931085263739645,233,Q
-1.089310901354158,233,D
-1.3267455353950561,233,L
-0.36549228532503536,233,N
-2.51651722495291,233,R
-0.09852462661248812,233,W
-1.6583193445948554,234,P
-0.3966319354710117,234,Q
-0.3163709882094473,234,R
0.02325482162483525,234,V
-0.5118065137487237,234,M
0.06375952335164921,234,S
0.30377068797174145,235,H
-0.6687582178335527,235,F
-1.2095343279395383,235,C
-0.345359722085658,235,N
-1.1549188448674097,235,D
-0.7236758902098057,235,S
