row,aaMutations,prediction,brightness,fitness,mutation,delta_deltaG,mFrom,mTo,mPosition
0,SY198N,0.577561855316,0.644801557064,0.892110943794,SY198N,5.897,Y,N,198
1,SM76R,0.43802523613,0.63137948513,0.540262103081,SM76R,4.228,M,R,76
2,SP56A,0.670451641083,0.674369871616,1.50063169003,SP56A,3.256,P,A,56
3,SK164R,0.680834531784,0.730008602142,1.73918175697,SK164R,0.724,K,R,164
4,SL62V,0.637750387192,0.678407669067,1.16141581535,SL62V,10.053,L,V,62
5,SM216R,-0.869523465633,-0.747498571873,-0.192694067955,SM216R,9.049,M,R,216
6,SH137R,0.66527402401,0.685821652412,1.42097365856,SH137R,4.135,H,R,137
7,ST223S,0.674825668335,0.751174986362,1.58416223526,ST223S,0.623,T,S,223
8,SG89S,-0.883720576763,-0.943455576897,-0.223465323448,SG89S,15.853,G,S,89
9,SF128V,0.587163090706,0.572101473808,0.924105465412,SF128V,3.201,F,V,128
10,SF128V,0.587163090706,0.572101473808,0.924105465412,SF128V,3.017,F,V,128
11,ST60S,0.686215043068,0.750996053219,1.95679664612,ST60S,-0.268,T,S,60
12,ST48A,0.626361250877,0.600651323795,1.0926721096,ST48A,-0.306,T,A,48
13,SK77E,0.56918489933,0.643010258675,0.866048038006,SK77E,1.916,K,E,77
14,SP11S,0.544664382935,0.323901742697,0.797146975994,SP11S,2.67,P,S,11
15,SD195A,0.680050969124,0.742773532867,1.71522331238,SD195A,-0.863,D,A,195
16,SR71S,0.664026618004,0.706513464451,1.40409839153,SR71S,-0.313,R,S,71
17,SP54S,0.640811800957,0.6959862113,1.18246054649,SP54S,5.567,P,S,54
18,SE3G,0.667165696621,0.702284812927,1.44813883305,SE3G,0.89,E,G,3
19,SK83T,0.58801150322,0.294574767351,0.927057564259,SK83T,2.245,K,T,83
20,SN168Y,0.663316965103,0.673505723476,1.39483439922,SN168Y,1.465,N,Y,168
21,SK156Q,0.67439442873,0.684932470322,1.57507038116,SK156Q,-0.596,K,Q,156
22,SH179R,-0.903452992439,-0.926002502441,-0.549363255501,SH179R,11.481,H,R,179
23,SE211G,-0.903121769428,-0.577778220177,-0.888769745827,SE211G,4.575,E,G,211
24,SD131V,0.649107933044,0.637899398804,1.24682688713,SD131V,1.073,D,V,131
25,SH79L,0.660552144051,0.744471728802,1.36083936691,SH79L,-0.754,H,L,79
26,SV59M,0.393595844507,0.305477052927,0.369143486023,SV59M,6.204,V,M,59
27,SI169S,0.682487487793,0.771049916744,1.7948538065,SI169S,1.043,I,S,169
28,SV148A,0.656713664532,0.655780076981,1.31839716434,SV148A,3.64,V,A,148
29,SY149H,0.669147372246,0.675034761429,1.47890639305,SY149H,2.304,Y,H,149
30,SQ181L,-0.903483748436,-0.888059794903,-0.525292992592,SQ181L,4.45,Q,L,181
31,SE211V,0.445808172226,0.241693273187,0.560439825058,SE211V,2.372,E,V,211
32,SI96L,0.560688972473,0.613220095634,0.841073334217,SI96L,5.336,I,L,96
33,SM76L,0.659587442875,0.680641174316,1.34969115257,SM76L,-0.651,M,L,76
34,SL218P,-0.903191566467,-0.985007345676,-0.721047520638,SL218P,10.564,L,P,218
35,SK111M,0.659463167191,0.649545788765,1.34828090668,SK111M,1.113,K,M,111
36,SK212N,0.662499248981,0.567410826683,1.38444495201,SK212N,-0.086,K,N,212
37,SL42Q,0.395597368479,0.289017528296,0.383232712746,SL42Q,3.527,L,Q,42
38,SI121L,0.67007380724,0.613920390606,1.49420750141,SI121L,5.881,I,L,121
39,SD17H,0.678116977215,0.754254579544,1.66154301167,SD17H,-1.841,D,H,17
40,SH75R,0.651339173317,0.685319125652,1.26636385918,SH75R,0.191,H,R,75
41,SS206R,0.646804332733,0.684982717037,1.22773528099,SS206R,0.181,S,R,206
42,SN183Y,0.343292146921,0.298742800951,0.156255364418,SN183Y,2.801,N,Y,183
43,SI96V,0.65989780426,0.69240874052,1.35324013233,SI96V,1.022,I,V,96
44,SY37H,0.682141065598,0.746930480003,1.78254771233,SY37H,0.46,Y,H,37
45,SL58I,0.641079306602,0.65274643898,1.18436145782,SL58I,2.924,L,I,58
46,SN196H,0.670146465302,0.732026517391,1.49543499947,SN196H,-0.786,N,H,196
47,SL16P,-0.903416752815,-0.869712114334,-0.57177054882,SL16P,13.654,L,P,16
48,SV91G,0.566725611687,0.560806453228,0.858679056168,SV91G,3.354,V,G,91
49,SN157D,0.660929083824,0.719905674458,1.36529111862,SN157D,1.621,N,D,157
50,SR120L,0.6022529006,0.617315530777,0.980277657509,SR120L,1.371,R,L,120
51,SK99T,0.677737891674,0.694077730179,1.65181612968,SK99T,0.67,K,T,99
52,SL5Q,0.638323664665,0.670688450336,1.16526126862,SL5Q,1.719,L,Q,5
53,SY141C,0.57082182169,0.661014199257,0.871020317078,SY141C,3.753,Y,C,141
54,SI134N,0.408720135689,0.518575429916,0.448333621025,SI134N,2.008,I,N,134
55,SK105T,0.665880858898,0.66879093647,1.42947161198,SK105T,0.551,K,T,105
56,SV91F,0.653948426247,0.762328267097,1.29067361355,SV91F,-0.927,V,F,91
57,SE3V,0.679242968559,0.695514380932,1.69191765785,SE3V,0.343,E,V,3
58,SK50Q,0.668619453907,0.558053791523,1.47045874596,SK50Q,-1.358,K,Q,50
59,SD195E,0.678874492645,0.695921838284,1.68172180653,SD195E,-0.707,D,E,195
60,SN21I,0.499852716923,0.406421452761,0.687796354294,SN21I,3.89,N,I,21
61,SK154Q,0.67304110527,0.68293517828,1.54785466194,SK154Q,0.294,K,Q,154
62,SL176V,0.676133334637,0.834835886955,1.61310851574,SL176V,0.628,L,V,176
63,SE15A,0.690400123596,0.666180849075,2.26338100433,SE15A,1.166,E,A,15
64,SV20A,0.476367890835,0.450833648443,0.633640289307,SV20A,3.149,V,A,20
65,SY198H,0.657062828541,0.655384242535,1.32205629349,SY198H,3.032,Y,H,198
66,SG31R,-0.889111876488,-0.987596690655,-0.241419911385,SG31R,41.678,G,R,31
67,SH79Y,0.674733877182,0.748326957226,1.58220934868,SH79Y,-3.536,H,Y,79
68,SI126L,0.666180968285,0.796594083309,1.43374919891,SI126L,1.568,I,L,126
69,SI121F,-0.873194932938,-0.987562537193,-0.199208855629,SI121F,5.393,I,F,121
70,SD171G,0.678887784481,0.722499966621,1.68208301067,SD171G,1.044,D,G,171
71,SK50N,0.669396936893,0.676270067692,1.48296678066,SK50N,0.86,K,N,50
72,SN119Y,0.389325708151,0.391676574945,0.33060336113,SN119Y,1.431,N,Y,119
73,SE4G,0.677415132523,0.718855500221,1.64371848106,SE4G,-0.362,E,G,4
74,SK156M,0.671009302139,0.719716250896,1.51031649113,SK156M,0.317,K,M,156
75,SL205R,-0.866439819336,-0.8689057827,-0.187745451927,SL205R,9.862,L,R,205
76,SK129E,0.644787609577,0.648322045803,1.21183466911,SK129E,0.924,K,E,129
77,SD188V,0.670542657375,0.717059254646,1.50219547749,SD188V,0.55,D,V,188
78,SM216K,-0.900354146957,-0.748396635056,-0.322632908821,SM216K,8.131,M,K,216
79,SH23L,0.677081882954,0.67546659708,1.63552963734,SH23L,-0.646,H,L,23
80,SN183D,0.590135037899,0.65572810173,0.934544503689,SN183D,1.874,N,D,183
81,SA224V,0.633511662483,0.613866448402,1.13422703743,SA224V,3.552,A,V,224
82,SK24N,0.640847146511,0.707105457783,1.18271148205,SK24N,0.682,K,N,24
83,SE140G,0.654986023903,0.67616379261,1.30082416534,SE140G,1.373,E,G,140
84,SG22D,0.597712337971,0.543208956718,0.96249383688,SG22D,2.664,G,D,22
85,ST95N,0.677147686481,0.699219465256,1.63713312149,ST95N,-0.038,T,N,95
86,SD19H,0.617750167847,0.620625376701,1.04837858677,SD19H,0.739,D,H,19
87,SV9K,0.690191864967,0.597775518894,2.24204850197,SV9K,0.799,V,K,9
88,SD127E,0.64928394556,0.623176634312,1.24832856655,SD127E,-0.178,D,E,127
89,SS145C,0.672259271145,0.667524516582,1.53296911716,SS145C,-0.11,S,C,145
90,SG38S,0.395716488361,0.456685900688,0.384014248848,SG38S,7.387,G,S,38
91,SL58H,-0.903174757957,-0.806618213654,-0.739092230797,SL58H,7.535,L,H,58
92,SV20G,-0.889650046825,-0.987596154213,-0.243557929993,SV20G,5.333,V,G,20
93,SM216L,0.632511198521,0.65695130825,1.12810754776,SM216L,1.316,M,L,216
94,SD127V,0.486869990826,0.574789047241,0.657850146294,SD127V,1.34,D,V,127
95,SD178E,0.68112051487,0.732295513153,1.74829006195,SD178E,-0.255,D,E,178
96,SD101G,0.514447450638,0.593733131886,0.72199344635,SD101G,-0.396,D,G,101
97,SK164E,0.680479228497,0.730928599834,1.72813999653,SK164E,1.4,K,E,164
98,SH146Y,0.626689553261,0.656371057034,1.09447598457,SH146Y,1.685,H,Y,146
99,SG38D,-0.898811995983,-0.987596154213,-0.30235016346,SG38D,18.162,G,D,38
100,SK50T,0.684940218925,0.701348364353,1.89421510696,SK50T,-0.095,K,T,50
101,SY104C,0.523214757442,0.493159145117,0.743045687675,SY104C,4.814,Y,C,104
102,SS200C,0.682091534138,0.741377830505,1.78081464767,SS200C,-0.707,S,C,200
103,SK129T,0.637340545654,0.662663578987,1.15869259834,SK129T,-0.045,K,T,129
104,SD34G,0.468497425318,0.480269819498,0.615337491035,SD34G,3.033,D,G,34
105,SL192P,0.65280944109,0.66346848011,1.27985596657,SL192P,8.573,L,P,192
106,SD19V,0.670641601086,0.693998754025,1.50390326977,SD19V,-1.28,D,V,19
107,ST201A,0.668197453022,0.653311789036,1.46384036541,ST201A,0.851,T,A,201
108,SF112I,0.629960775375,0.60879611969,1.11297440529,SF112I,3.406,F,I,112
109,ST47A,0.638457894325,0.605112910271,1.16616797447,ST47A,-0.087,T,A,47
110,SI121A,0.675961792469,0.469739735126,1.60918581486,SI121A,4.17,I,A,121
111,SD115E,0.668957173824,0.701707720757,1.47584009171,SD115E,0.105,D,E,115
112,SE130G,0.661823570728,0.660863518715,1.37607800961,SE130G,0.441,E,G,130
113,SK160T,0.648134887218,0.755512237549,1.23863530159,SK160T,0.975,K,T,160
114,SN119H,0.619201719761,0.498476564884,1.05546796322,SN119H,-0.561,N,H,119
115,SE93Q,0.655413389206,0.733065962791,1.30509209633,SE93Q,0.887,E,Q,93
116,SE122K,0.683780372143,0.718328714371,1.84429192543,SE122K,-0.462,E,K,122
117,SA204V,0.676392734051,0.811800122261,1.61911344528,SA204V,-0.408,A,V,204
118,SE3K,0.68107765913,0.703161776066,1.74691009521,SE3K,0.873,E,K,3
119,SG33D,-0.897552132607,-0.987596690655,-0.289839863777,SG33D,10.391,G,D,33
120,SY37S,0.67641967535,0.807709515095,1.61974203587,SY37S,0.858,Y,S,37
121,SE170A,0.686475157738,0.66720700264,1.97075748444,SE170A,-1.061,E,A,170
122,SK1E,0.666349411011,0.667502403259,1.43616890907,SK1E,0.745,K,E,1
123,SS26C,0.6773609519,0.724771678448,1.64237773418,SS26C,-0.247,S,C,26
124,SK212Q,0.684865117073,0.605776011944,1.89080071449,SK212Q,-0.096,K,Q,212
125,SP52A,0.512379229069,0.465340554714,0.717091977596,SP52A,3.371,P,A,52
126,SY143C,0.669854223728,0.7078743577,1.49052333832,SY143C,3.307,Y,C,143
127,SG2A,0.646904528141,0.785736083984,1.22854506969,SG2A,11.816,G,A,2
128,SK111Q,0.660793304443,0.656031727791,1.3636803627,SK111Q,1.7,K,Q,111
129,SL51Q,-0.89113086462,-0.987596750259,-0.249880194664,SL51Q,3.325,L,Q,51
130,SV14F,0.493011176586,0.453011959791,0.671988964081,SV14F,5.762,V,F,14
131,SV53G,-0.872815489769,-0.987596690655,-0.198499917984,SV53G,6.286,V,G,53
132,SY143F,0.678754508495,0.706044614315,1.67845714092,SY143F,-1.542,Y,F,143
133,ST57S,0.674644291401,0.737188100815,1.58031284809,ST57S,-0.002,T,S,57
134,SI45V,0.677562952042,0.752305865288,1.64740860462,SI45V,-0.203,I,V,45
135,SK105G,0.642072856426,0.610180854797,1.1915127039,SK105G,1.268,K,G,105
136,SE109V,0.682995438576,0.739862084389,1.81358623505,SE109V,-0.572,E,V,109
137,ST201S,0.605881154537,0.569065928459,0.995121836662,ST201S,2.603,T,S,201
138,SD178A,0.65478259325,0.644068241119,1.2988114357,SD178A,-0.475,D,A,178
139,SN147Y,0.660098254681,0.66321593523,1.35555124283,SN147Y,-1.007,N,Y,147
140,SK160M,0.679568648338,0.712856769562,1.7011487484,SK160M,-0.711,K,M,160
141,SH179Q,0.600343227386,0.681443035603,0.972695469856,SH179Q,4.285,H,Q,179
142,SL16Q,-0.900784313679,-0.907782495022,-0.32986843586,SL16Q,4.297,L,Q,16
143,SE3R,0.682494223118,0.745028674603,1.7950963974,SE3R,2.895,E,R,3
144,SL58P,-0.903137981892,-0.829259634018,-0.795760750771,SL58P,16.098,L,P,58
145,SG89A,-0.88937318325,-0.987596154213,-0.242448091507,SG89A,13.754,G,A,89
146,SD153N,0.669866919518,0.732843756676,1.49073648453,SD153N,-1.313,D,N,153
147,ST57A,0.582600951195,0.628074765205,0.90859156847,ST57A,-0.059,T,A,57
148,SK154I,0.689283549786,0.614348769188,2.15910387039,SK154I,0.636,K,I,154
149,SN142G,0.668630242348,0.847478806973,1.47062945366,SN142G,2.778,N,G,142
150,SI186F,0.652519822121,0.675803601742,1.27715694904,SI186F,2.735,I,F,186
151,SG8V,0.643639266491,0.519789516926,1.20309388638,SG8V,0.983,G,V,8
152,SH146P,0.415189087391,0.336304306984,0.472180485725,SH146P,7.126,H,P,146
153,SL16R,-0.88763153553,-0.987597346306,-0.2359136343,SL16R,15.322,L,R,16
154,SI134M,0.661867856979,0.571508288383,1.37662088871,SI134M,1.945,I,M,134
155,SD19G,0.472668945789,0.342146605253,0.625064373016,SD19G,1.244,D,G,19
156,SV66M,0.684644460678,0.748350799084,1.88091790676,SV66M,5.617,V,M,66
157,SV66E,0.586506843567,0.628964185715,0.921836733818,SV66E,7.917,V,E,66
158,SF163C,0.652679383755,0.758924305439,1.27864074707,SF163C,7.532,F,C,163
159,SF163C,0.652679383755,0.758924305439,1.27864074707,SF163C,7.468,F,C,163
160,SK50E,0.670799732208,0.668465256691,1.50664782524,SK50E,0.616,K,E,50
161,SV110E,-0.903440535069,-0.957764267921,-0.55742919445,SV110E,5.473,V,E,110
162,SA204G,0.652488172054,0.608940064907,1.27686345577,SA204G,1.483,A,G,204
163,SL135M,0.677827358246,0.785794019699,1.65409219265,SL135M,0.312,L,M,135
164,ST36A,0.672658860683,0.718047618866,1.54050505161,ST36A,0.552,T,A,36
165,SE130V,0.665092349052,0.704823613167,1.4184679985,SE130V,-0.146,E,V,130
166,ST223A,0.666399121284,0.699405789375,1.43688905239,ST223A,0.193,T,A,223
167,ST36I,0.660910367966,0.64747273922,1.36506831646,ST36I,0.076,T,I,36
168,SS70R,-0.903457820415,-0.987596750259,-0.46403157711,SS70R,13.48,S,R,70
169,SS70R,-0.903457820415,-0.987596750259,-0.46403157711,SS70R,12.968,S,R,70
170,SL176H,0.668664097786,0.702105820179,1.47116494179,SL176H,1.249,L,H,176
171,SV161G,0.687722742558,0.671809494495,2.04476165771,SV161G,5.175,V,G,161
172,SN133D,0.64175593853,0.65852022171,1.18921542168,SN133D,3.374,N,D,133
173,SS206N,0.652476370335,0.63821130991,1.27675414085,SS206N,0.8,S,N,206
174,SI186L,0.673781991005,0.751637935638,1.56251585484,SI186L,0.64,I,L,186
175,SK138R,0.676205158234,0.724165558815,1.61475968361,SK138R,1.078,K,R,138
176,SN119S,0.670480072498,0.729780197144,1.50111973286,SN119S,1.385,N,S,119
177,SP11L,0.360649555922,0.513406097889,0.181045174599,SP11L,2.212,P,L,11
178,SH229N,0.685267210007,0.723285019398,1.90941286087,SH229N,-0.872,H,N,229
179,SN103H,0.682218432426,0.787076532841,1.78526258469,SN103H,-1.908,N,H,103
180,SR120C,0.631096839905,0.592188835144,1.11963415146,SR120C,1.647,R,C,120
181,SR107C,0.635421097279,0.655329406261,1.1462136507,SR107C,1.136,R,C,107
182,SR107C,0.635421097279,0.655329406261,1.1462136507,SR107C,0.921,R,C,107
183,SA85G,0.612504065037,0.565637350082,1.02386808395,SA85G,2.874,A,G,85
184,SF44L,0.653402984142,0.692037343979,1.28545117378,SF44L,8.308,F,L,44
185,SF44L,0.653402984142,0.692037343979,1.28545117378,SF44L,8.208,F,L,44
186,SY141F,0.657912552357,0.636580765247,1.33112215996,SY141F,-0.992,Y,F,141
187,SL5R,0.66661798954,0.757905423641,1.44006597996,SL5R,2.719,L,R,5
188,SD17A,0.665177643299,0.653063356876,1.4196420908,SD17A,-0.642,D,A,17
189,SS28P,-0.903123497963,-0.889379799366,-0.845120787621,SS28P,8.858,S,P,28
190,SQ175R,0.448124498129,0.516012310982,0.566271662712,SQ175R,6.17,Q,R,175
191,SK39Q,0.659072637558,0.617832660675,1.34387981892,SK39Q,0.018,K,Q,39
192,ST48S,0.671561419964,0.692747592926,1.52015686035,ST48S,0.114,T,S,48
193,SH215P,-0.898660063744,-0.987596690655,-0.300690054893,SH215P,13.223,H,P,215
194,SN162Y,0.67685675621,0.714801251888,1.63009035587,SN162Y,-1.007,N,Y,162
195,SS206C,0.664268374443,0.699107468128,1.40730905533,SS206C,0.548,S,C,206
196,SA177S,0.661981165409,0.634560644627,1.37801110744,SA177S,1.286,A,S,177
197,SS203C,0.679659903049,0.657184183598,1.70377337933,SS203C,-0.325,S,C,203
198,SN103S,0.678573608398,0.722118914127,1.6735830307,SN103S,-0.03,N,S,103
199,SH229L,0.677508831024,0.686371266842,1.64605247974,SH229L,-0.146,H,L,229
200,SE30A,0.677813529968,0.650468587875,1.65373885632,SE30A,0.174,E,A,30
201,SV217I,0.676872074604,0.75659519434,1.63045907021,SV217I,0.228,V,I,217
202,SP11H,0.546394228935,0.45349368453,0.80171918869,SP11H,2.849,P,H,11
203,SH146Q,0.683076798916,0.655145764351,1.81666624546,SH146Q,4.225,H,Q,146
204,SV91L,0.674295008183,0.63891261816,1.57300567627,SV91L,0.226,V,L,91
205,SS200N,0.671795725822,0.713520169258,1.52441167831,SS200N,-0.567,S,N,200
206,SH229P,0.673718214035,0.761950969696,1.56123232841,SH229P,0.609,H,P,229
207,SG8E,0.657123506069,0.667143404484,1.32269644737,SG8E,1.778,G,E,8
208,SI150V,0.672777891159,0.698668718338,1.54277861118,SI150V,0.891,I,V,150
209,SI150V,0.672777891159,0.698668718338,1.54277861118,SI150V,0.733,I,V,150
210,SP56H,0.356827110052,0.54346293211,0.174522995949,SP56H,10.779,P,H,56
211,SE130K,0.671901404858,0.669019699097,1.52634418011,SE130K,-0.517,E,K,130
212,SK83M,0.37414753437,0.443357437849,0.214285612106,SK83M,-0.574,K,M,83
213,SA177P,-0.761851787567,-0.764335215092,-0.111710309982,SA177P,4.077,A,P,177
214,SV59A,0.512512683868,0.551734089851,0.7174077034,SV59A,3.307,V,A,59
215,SY104H,0.135487318039,0.152510970831,0.0592265129089,SY104H,3.393,Y,H,104
216,SN147D,0.668566823006,0.691544115543,1.469627738,SN147D,1.47,N,D,147
217,SV14A,0.53677546978,0.391655892134,0.776733338833,SV14A,4.378,V,A,14
218,SY198C,0.652822971344,0.695133626461,1.27998220921,SY198C,4.326,Y,C,198
219,SA108T,0.238588452339,0.305757433176,0.0908195972443,SA108T,5.02,A,T,108
220,SF221V,0.677601218224,0.706001341343,1.64836847782,SF221V,1.752,F,V,221
221,SF221V,0.677601218224,0.706001341343,1.64836847782,SF221V,1.537,F,V,221
222,SN162S,0.666687488556,0.674830019474,1.44107985497,SN162S,-0.37,N,S,162
223,SI227M,0.68944132328,0.754360795021,2.17247343063,SI227M,0.637,I,M,227
224,SE130A,0.684427022934,0.706228494644,1.87140083313,SE130A,-0.11,E,A,130
225,SE30D,0.656766116619,0.696891546249,1.31894433498,SE30D,1.546,E,D,30
226,SN157S,0.665823578835,0.707744896412,1.42866015434,SN157S,1.804,N,S,157
227,SI186V,0.659089386463,0.748051822186,1.3440682888,SI186V,1.446,I,V,186
228,SI227F,0.683811604977,0.686707854271,1.84556758404,SI227F,0.75,I,F,227
229,SN157K,0.682067751884,0.72568577528,1.77998614311,SN157K,0.413,N,K,157
230,SV91D,0.476080328226,0.558253407478,0.632974863052,SV91D,3.873,V,D,91
231,SK43T,0.624679863453,0.733688235283,1.08357620239,SK43T,1.963,K,T,43
232,SK138V,0.68513995409,0.60308778286,1.90343856812,SK138V,4.443,K,V,138
233,SN210I,0.648172557354,0.649139463902,1.23894894123,SN210I,2.065,N,I,210
234,SQ182P,-0.896245598793,-0.987571895123,-0.279201745987,SQ182P,8.12,Q,P,182
235,SQ182P,-0.896245598793,-0.987571895123,-0.279201745987,SQ182P,8.098,Q,P,182
236,SN21K,0.491781532764,0.514459073544,0.669156014919,SN21K,3.304,N,K,21
237,SD131A,0.65605711937,0.589952111244,1.31161737442,SD131A,0.304,D,A,131
238,SL51M,0.689811825752,0.631696879864,2.20548415184,SL51M,9.379,L,M,51
239,SE93A,0.619132936001,0.679622173309,1.05512881279,SE93A,2.128,E,A,93
240,SY72C,0.245092347264,0.219388395548,0.093386888504,SY72C,5.503,Y,C,72
241,SS28C,0.680057227612,0.810885608196,1.7154083252,SS28C,-0.851,S,C,28
242,SK111T,0.659113943577,0.706742286682,1.34434318542,SK111T,1.893,K,T,111
243,SK99N,0.681656181812,0.647289097309,1.76591479778,SK99N,1.317,K,N,99
244,SG33C,0.336246907711,0.347034245729,0.148703575134,SG33C,13.382,G,C,33
245,SL205P,0.434118449688,0.542033970356,0.529718995094,SL205P,5.448,L,P,205
246,ST60I,-0.897263169289,-0.921455800533,-0.287315130234,ST60I,4.364,T,I,60
247,SH75C,0.690247952938,0.673231124878,2.24769353867,SH75C,0.097,H,C,75
248,ST7A,0.674985647202,0.71098202467,1.58758795261,ST7A,0.682,T,A,7
249,SL205M,0.66186195612,0.693371295929,1.37654829025,SL205M,1.959,L,M,205
250,SY37D,0.666051566601,0.684077620506,1.43189787865,SY37D,1.203,Y,D,37
251,SI169V,0.686057388783,0.725443720818,1.94854235649,SI169V,-0.248,I,V,169
252,SH75P,0.644908607006,0.614002227783,1.21276891232,SH75P,0.162,H,P,75
253,SR166C,0.668781459332,0.737788617611,1.47303044796,SR166C,0.256,R,C,166
254,SN147T,0.643211662769,0.686896145344,1.19989490509,SN147T,2.048,N,T,147
255,SR120S,0.660191297531,0.618233561516,1.35662829876,SR120S,2.244,R,S,120
256,SK105R,0.671064257622,0.711880922318,1.51128435135,SK105R,1.411,K,R,105
257,SD178Y,0.673329472542,0.685812592506,1.55349361897,SD178Y,-1.668,D,Y,178
258,SD188G,0.672824084759,0.706330120564,1.5436630249,SD188G,0.249,D,G,188
259,SK24M,0.626035749912,0.638939619064,1.09089255333,SK24M,0.499,K,M,24
260,SP185L,0.671930193901,0.622601151466,1.52687287331,SP185L,6.033,P,L,185
261,SN157V,0.650715827942,0.555491089821,1.26079535484,SN157V,2.541,N,V,157
262,SV27M,0.392274200916,0.400308638811,0.358653068542,SV27M,6.254,V,M,27
263,SS28A,0.665964186192,0.726743102074,1.43065428734,SS28A,-0.039,S,A,28
264,SK160Q,0.672888934612,0.648585736752,1.54491233826,SK160Q,0.118,K,Q,160
265,SL62M,0.633215248585,0.681528508663,1.13240265846,SL62M,4.444,L,M,62
266,SI134T,0.589682400227,0.610202848911,0.932936370373,SI134T,1.905,I,T,134
267,SI134T,0.589682400227,0.610202848911,0.932936370373,SI134T,1.694,I,T,134
268,SI159S,0.341407418251,0.388919889927,0.154133200645,SI159S,6.365,I,S,159
269,SI159S,0.341407418251,0.388919889927,0.154133200645,SI159S,5.592,I,S,159
270,SV161E,0.649860441685,0.77406680584,1.25329566002,SV161E,4.702,V,E,161
271,SS200T,0.670933246613,0.75002938509,1.5089815855,SS200T,-1.078,S,T,200
272,SI96T,0.442650079727,0.489666491747,0.552368998528,SI96T,1.598,I,T,96
273,SE140V,0.673811972141,0.654201865196,1.56312155724,SE140V,0.249,E,V,140
274,SF128C,0.521017968655,0.593051612377,0.737724781036,SF128C,6.309,F,C,128
275,SF128C,0.521017968655,0.593051612377,0.737724781036,SF128C,6.266,F,C,128
276,SV91A,0.622739434242,0.651693701744,1.07336258888,SV91A,1.811,V,A,91
277,SV217A,0.584216415882,0.5791862607,0.914017617702,SV217A,3.309,V,A,217
278,SY143H,0.679687798023,0.66685795784,1.7045788765,SY143H,0.629,Y,H,143
279,SI186S,0.58098256588,0.638666391373,0.903227090836,SI186S,3.436,I,S,186
280,SE32V,0.677705228329,0.703534066677,1.65098941326,SE32V,-0.399,E,V,32
281,SP185T,0.650778114796,0.724446773529,1.26134765148,SP185T,4.504,P,T,185
282,SA35D,0.508311331272,0.542226433754,0.707511425018,SA35D,7.589,A,D,35
283,SN142Y,0.636239826679,0.648272335529,1.15148186684,SN142Y,4.605,N,Y,142
284,SP87L,0.647956907749,0.740633904934,1.23715794086,SP87L,9.061,P,L,87
285,SK212T,0.676353037357,0.647867739201,1.6181885004,SK212T,-0.112,K,T,212
286,SI126T,0.680201888084,0.745860636234,1.71972596645,SI126T,1.972,I,T,126
287,SI227T,0.659103810787,0.706605136395,1.34422981739,SI227T,0.22,I,T,227
288,SY141N,0.548498928547,0.609327495098,0.807332396507,SY141N,3.656,Y,N,141
289,SE30G,0.660968363285,0.667437434196,1.36575675011,SE30G,1.221,E,G,30
290,SK156R,0.68066650629,0.743129909039,1.73392367363,SK156R,1.078,K,R,156
291,SD17G,0.636781513691,0.668436229229,1.15501201153,SD17G,0.915,D,G,17
292,SK164N,0.673706352711,0.720241367817,1.56099331379,SK164N,1.559,K,N,164
293,SQ182R,0.679251909256,0.73347723484,1.69216668606,SQ182R,2.252,Q,R,182
294,SQ182R,0.679251909256,0.73347723484,1.69216668606,SQ182R,0.322,Q,R,182
295,SR71L,0.676868736744,0.907885849476,1.63037669659,SR71L,-1.966,R,L,71
296,SE88D,0.678537547588,0.683872938156,1.67261981964,SE88D,1.545,E,D,88
297,SD74G,0.668473660946,0.68041664362,1.46815884113,SD74G,0.967,D,G,74
298,SK99R,0.669355392456,0.691781461239,1.48228776455,SK99R,0.919,K,R,99
299,SD127N,0.683999896049,0.679784476757,1.85330235958,SD127N,-1.05,D,N,127
300,SD131G,0.67102843523,0.683624327183,1.51065480709,SD131G,0.263,D,G,131
301,SH179Y,0.566585838795,0.610407352448,0.858263790607,SH179Y,2.246,H,Y,179
302,SY104F,0.677323400974,0.762389063835,1.64144778252,SY104F,-0.677,Y,F,104
303,SN103D,0.597046494484,0.580397367477,0.959954679012,SN103D,3.056,N,D,103
304,SL193Q,0.657960653305,0.66894775629,1.33164227009,SL193Q,1.692,L,Q,193
305,SK156V,0.676367104053,0.88254326582,1.61851596832,SK156V,-0.063,K,V,156
306,SY143N,0.641930937767,0.69000685215,1.19048237801,SY143N,4.638,Y,N,143
307,SR166S,0.673228144646,0.618958115578,1.55150365829,SR166S,1.293,R,S,166
308,SH137Y,0.610017418861,0.597942650318,1.01280760765,SH137Y,1.21,H,Y,137
309,SM151K,0.672626793385,0.673464894295,1.53989517689,SM151K,0.235,M,K,151
310,SK111N,0.66270005703,0.691738963127,1.38696813583,SK111N,1.605,K,N,111
311,SK83R,0.391127854586,0.389936238527,0.348592281342,SK83R,0.135,K,R,83
312,SD17E,0.672758817673,0.824529588223,1.54241275787,SD17E,0.084,D,E,17
313,SH197R,-0.859993219376,-0.818257927895,-0.178614735603,SH197R,4.662,H,R,197
314,SF221L,0.670024752617,0.68288564682,1.4933809042,SF221L,3.758,F,L,221
315,SF221L,0.670024752617,0.68288564682,1.4933809042,SF221L,2.881,F,L,221
316,SN183S,0.619809269905,0.687429428101,1.05847811699,SN183S,2.379,N,S,183
317,SY37C,0.681588232517,0.751259624958,1.76363587379,SY37C,0.872,Y,C,37
318,SV191E,0.622602820396,0.638958930969,1.0726544857,SV191E,8.881,V,E,191
319,SF128S,-0.864970266819,-0.986820936203,-0.185530781746,SF128S,8.082,F,S,128
320,SF128S,-0.864970266819,-0.986820936203,-0.185530781746,SF128S,8.082,F,S,128
321,SV10L,0.625481545925,0.666291177273,1.08788359165,SV10L,1.836,V,L,10
322,ST36S,0.673618912697,0.714539289474,1.55924105644,ST36S,1.331,T,S,36
323,SL40Q,0.480590760708,0.34870454669,0.643391668797,SL40Q,2.279,L,Q,40
324,SK124M,0.668359160423,0.674303591251,1.4663631916,SK124M,-0.162,K,M,124
325,SN142I,0.652826726437,0.683158397675,1.28001666069,SN142I,4.358,N,I,142
326,SN196S,0.67499268055,0.743846714497,1.58774244785,SN196S,-0.251,N,S,196
327,ST7I,0.651690483093,0.69300198555,1.26954042912,ST7I,0.874,T,I,7
328,SN196D,0.67712688446,0.752132356167,1.63662528992,SN196D,0.24,N,D,196
329,SQ67P,0.466632813215,0.570196151733,0.610965847969,SQ67P,0.896,Q,P,67
330,SQ67P,0.466632813215,0.570196151733,0.610965847969,SQ67P,0.302,Q,P,67
331,SQ67R,-0.90320032835,-0.667535483837,-0.418520092964,SQ67R,8.267,Q,R,67
332,SQ67R,-0.90320032835,-0.667535483837,-0.418520092964,SQ67R,7.977,Q,R,67
333,SD100N,0.662074804306,0.652745425701,1.37916660309,SD100N,-0.945,D,N,100
334,SN103C,0.689455807209,0.784613847733,2.17371606827,SN103C,-0.4,N,C,103
335,SN144T,0.636627197266,0.751026332378,1.15400242805,SN144T,1.759,N,T,144
336,SK50R,0.674464046955,0.698337495327,1.57652413845,SK50R,1.176,K,R,50
337,SE122A,0.675485491753,0.673947751522,1.5984992981,SE122A,-0.328,E,A,122
338,SD101E,0.660136282444,0.735199153423,1.35599112511,SD101E,0.833,D,E,101
339,SK160N,0.679767489433,0.72232156992,1.70689153671,SK160N,0.786,K,N,160
340,SI12T,0.540569067001,0.396674185991,0.78646427393,SI12T,3.465,I,T,12
341,SI150T,0.41334348917,0.502419769764,0.465694069862,SI150T,3.77,I,T,150
342,SI150T,0.41334348917,0.502419769764,0.465694069862,SI150T,3.74,I,T,150
343,SM216V,0.541119277477,0.546978712082,0.787888467312,SM216V,4.525,M,V,216
344,SD214G,0.079295232892,-0.0465400330722,0.0462721586227,SD214G,3.026,D,G,214
345,SQ155P,0.677331984043,0.678747177124,1.64165985584,SQ155P,0.537,Q,P,155
346,SK156N,0.682497680187,0.723881185055,1.79521989822,SK156N,-1.525,K,N,156
347,SA85T,0.685964763165,0.709551334381,1.94377207756,SA85T,3.386,A,T,85
348,SA108S,0.672560930252,0.823826611042,1.5386441946,SA108S,2.864,A,S,108
349,SD131H,0.672689974308,0.653507649899,1.54109871387,SD131H,0.186,D,H,131
350,SK156E,0.668002843857,0.749908685684,1.46082901955,SK156E,0.924,K,E,156
351,SS203F,-0.838565528393,-0.801896810532,-0.155872106552,SS203F,8.713,S,F,203
352,SP73T,0.672171354294,0.776028573513,1.53133046627,SP73T,2.143,P,T,73
353,SK77T,0.649692416191,0.680814325809,1.25184059143,SK77T,1.322,K,T,77
354,SK105E,0.654084920883,0.658119440079,1.29199171066,SK105E,0.333,K,E,105
355,SS200G,0.635147094727,0.645630836487,1.14446794987,SS200G,1.775,S,G,200
356,SI227N,0.661871612072,0.669007122517,1.37666583061,SI227N,0.367,I,N,227
357,SH137P,0.49786528945,0.485507816076,0.683194637299,SH137P,10.107,H,P,137
358,SG49R,0.642539978027,0.140953063965,1.19492638111,SG49R,3.226,G,R,49
359,SP194A,0.62579369545,0.659134984016,1.08957493305,SP194A,4.428,P,A,194
360,SI169N,0.675328910351,0.735039889812,1.59504806995,SI169N,1.19,I,N,169
361,SR213C,0.646912336349,0.651139736176,1.22860765457,SR213C,1.609,R,C,213
362,SN103I,0.680243313313,0.781820476055,1.72097301483,SN103I,-2.725,N,I,103
363,SL42M,0.676547706127,0.792619645596,1.62274622917,SL42M,0.936,L,M,42
364,SI150F,0.39924031496,0.445841133595,0.404939889908,SI150F,6.458,I,F,150
365,SI150F,0.39924031496,0.445841133595,0.404939889908,SI150F,-0.023,I,F,150
366,SE4V,0.673130273819,0.708770692348,1.54959070683,SE4V,0.06,E,V,4
367,SK77N,0.64286750555,0.603050172329,1.19734025002,SK77N,2.93,K,N,77
368,SA152V,0.632390737534,0.594805538654,1.12737715244,SA152V,0.973,A,V,152
369,SK77M,0.65030503273,0.664991557598,1.257173419,SK77M,0.541,K,M,77
370,SH215L,-0.901534855366,-0.987596690655,-0.345274090767,SH215L,5.461,H,L,215
371,SK24R,0.671404957771,0.683730363846,1.51734113693,SK24R,0.722,K,R,24
372,SP209T,0.641919493675,0.699990093708,1.19039916992,SP209T,2.098,P,T,209
373,SS26N,0.65685749054,0.668543577194,1.31990027428,SS26N,-0.541,S,N,26
374,SL193P,0.602901697159,0.616357922554,0.982888996601,SL193P,3.063,L,P,193
375,SA225T,0.667090713978,0.721691429615,1.44702339172,SA225T,0.954,A,T,225
376,SH79R,0.564433336258,0.616480469704,0.851915478706,SH79R,1.388,H,R,79
377,SV148I,0.676301062107,0.776505231857,1.61697888374,SV148I,0.288,V,I,148
378,SI169T,0.678681790829,0.753793597221,1.67648994923,SI169T,2.232,I,T,169
379,SV9A,0.669937670231,0.694626808167,1.49192023277,SV9A,0.836,V,A,9
380,ST60P,0.65314912796,0.74554425478,1.28304743767,ST60P,-3.427,T,P,60
381,SN103K,0.686334073544,0.705440878868,1.96313369274,SN103K,-1.493,N,K,103
382,SD195V,0.661214590073,0.706028044224,1.36869823933,SD195V,-0.851,D,V,195
383,SE109K,0.668834030628,0.69476300478,1.4738689661,SE109K,1.762,E,K,109
384,SV66A,0.668197870255,0.698143482208,1.46384692192,SV66A,2.727,V,A,66
385,SL192Q,0.663502812386,0.689795613289,1.39723861217,SL192Q,1.861,L,Q,192
386,SA85V,0.684001088142,0.68650406599,1.85335099697,SA85V,2.457,A,V,85
387,SY198F,0.669363021851,0.728543102741,1.48241233826,SY198F,0.013,Y,F,198
388,SS200R,0.678441643715,0.703981816769,1.67006909847,SS200R,0.187,S,R,200
389,SH215N,0.656838178635,0.583972334862,1.31969809532,SH215N,5.008,H,N,215
390,SS70N,0.420436233282,0.391350656748,0.489552378654,SS70N,2.327,S,N,70
391,SS70N,0.420436233282,0.391350656748,0.489552378654,SS70N,2.132,S,N,70
392,SK50M,0.666564106941,0.69152700901,1.43928003311,SK50M,0.738,K,M,50
393,SM86L,0.636645376682,0.712812244892,1.15412092209,SM86L,0.822,M,L,86
394,SS26T,0.666282594204,0.725065469742,1.43520903587,SS26T,-0.548,S,T,26
395,SE109Q,0.681092500687,0.798195004463,1.74738609791,SE109Q,0.995,E,Q,109
396,SD34Y,0.621331214905,0.417689979076,1.06613087654,SD34Y,-1.269,D,Y,34
397,SA224D,0.543983459473,0.394491702318,0.795357406139,SA224D,5.923,A,D,224
398,SK129Q,0.653462707996,0.704485356808,1.28602015972,SK129Q,0.157,K,Q,129
399,SD171A,0.635666191578,0.641227126122,1.14778184891,SD171A,0.596,D,A,171
400,SV217D,0.555914223194,0.484949469566,0.827590227127,SV217D,4.78,V,D,217
401,SV222A,0.667082667351,0.564230024815,1.44690454006,SV222A,2.071,V,A,222
402,SA35T,0.633340001106,0.696806609631,1.13316881657,SA35T,3.603,A,T,35
403,SH167P,-0.902396678925,-0.987596690655,-0.37086057663,SH167P,8.551,H,P,167
404,SP194S,0.569974243641,0.583268105984,0.868439137936,SP194S,6.259,P,S,194
405,SK164Q,0.684842705727,0.737372219563,1.88978135586,SK164Q,-0.062,K,Q,164
406,SH179N,0.67455637455,0.58142220974,1.57846140862,SH179N,4.035,H,N,179
407,SI12V,0.672862112522,0.64973294735,1.54439485073,SI12V,0.461,I,V,12
408,ST41A,0.67933088541,0.718345999718,1.69438910484,ST41A,0.273,T,A,41
409,SE170G,0.676034510136,0.714125275612,1.61084270477,SE170G,-0.048,E,G,170
410,SV10M,0.623285531998,0.607055127621,1.07620716095,SV10M,2.048,V,M,10
411,SK43E,0.407087177038,0.306843221188,0.441739201546,SK43E,4.277,K,E,43
412,SH79Q,0.668574810028,0.687629580498,1.46975255013,SH79Q,-1.322,H,Q,79
413,SF112C,0.605000138283,0.646035313606,0.991462647915,SF112C,6.554,F,C,112
414,SI12L,0.658395051956,0.686536610126,1.336373806,SI12L,5.916,I,L,12
415,SS84Y,0.644828796387,0.67084145546,1.21215248108,SS84Y,1.564,S,Y,84
416,SS84Y,0.644828796387,0.67084145546,1.21215248108,SS84Y,1.564,S,Y,84
417,ST116K,0.679365217686,0.673262298107,1.69535851479,ST116K,1.144,T,K,116
418,ST116K,0.679365217686,0.673262298107,1.69535851479,ST116K,1.144,T,K,116
419,SH23R,0.679059505463,0.71195268631,1.68681061268,SH23R,1.19,H,R,23
420,SK207I,0.64774876833,0.672224462032,1.23543787003,SK207I,-0.39,K,I,207
421,ST106A,0.619006097317,0.641052603722,1.05450463295,ST106A,-0.225,T,A,106
422,ST106A,0.619006097317,0.641052603722,1.05450463295,ST106A,-0.275,T,A,106
423,SI45F,0.647858440876,0.647613823414,1.23634290695,SI45F,2.153,I,F,45
424,SF112S,0.370258033276,0.305730551481,0.202307462692,SF112S,7.832,F,S,112
425,SF112S,0.370258033276,0.305730551481,0.202307462692,SF112S,7.817,F,S,112
426,ST106I,0.515558421612,0.507316708565,0.724635839462,ST106I,-3.432,T,I,106
427,ST106I,0.515558421612,0.507316708565,0.724635839462,ST106I,-3.485,T,I,106
428,SV14D,-0.865116119385,-0.824048876762,-0.18574655056,SV14D,8.149,V,D,14
429,SD19N,0.671686470509,0.703132629395,1.52242147923,SD19N,-1.107,D,N,19
430,SK77Q,0.620144605637,0.702250778675,1.06015014648,SK77Q,2.569,K,Q,77
431,SA204D,0.663176059723,0.644239842892,1.39302277565,SA204D,2.191,A,D,204
432,SQ92H,0.405097782612,0.371119707823,0.433300018311,SQ92H,2.454,Q,H,92
433,SQ92H,0.405097782612,0.371119707823,0.433300018311,SQ92H,1.833,Q,H,92
434,SE88V,0.670294463634,0.670315206051,1.49794530869,SE88V,1.298,E,V,88
435,SN133Y,0.666207790375,0.708205759525,1.43413245678,SN133Y,-0.556,N,Y,133
436,SK207E,0.590898036957,0.627651512623,0.937269687653,SK207E,1.186,K,E,207
437,SL62P,-0.903421759605,-0.933764219284,-0.568813204765,SL62P,12.444,L,P,62
438,SD178V,0.643193483353,0.586829066277,1.19975864887,SD178V,-1.381,D,V,178
439,SE109G,0.614716053009,0.588872551918,1.03400015831,SE109G,2.959,E,G,109
440,SQ182L,0.678404867649,0.695860505104,1.66909062862,SQ182L,0.875,Q,L,182
441,SQ182L,0.678404867649,0.695860505104,1.66909062862,SQ182L,0.863,Q,L,182
442,SS145R,0.669886171818,0.712927103043,1.49105763435,SS145R,-0.826,S,R,145
443,ST41N,0.684692561626,0.681012630463,1.88305187225,ST41N,0.532,T,N,41
444,SV14I,0.678730845451,0.720796763897,1.67781603336,SV14I,-0.684,V,I,14
445,SK39N,0.645107805729,0.667332947254,1.21431183815,SK39N,1.236,K,N,39
446,SV222L,0.670162498951,0.763524770737,1.49570584297,SV222L,1.533,V,L,222
447,SS70G,0.675086975098,0.726383090019,1.58977639675,SS70G,-0.12,S,G,70
448,SS70G,0.675086975098,0.726383090019,1.58977639675,SS70G,-0.489,S,G,70
449,SA108D,-0.888645470142,-0.987596690655,-0.239628076553,SA108D,9.937,A,D,108
450,SP190H,0.67362254858,0.688222050667,1.55931282043,SP190H,1.029,P,H,190
451,SG49S,0.470905900002,0.361514270306,0.620961487293,SG49S,4.288,G,S,49
452,SL13R,0.681780934334,0.736499071121,1.77012872696,SL13R,0.834,L,R,13
453,SN142A,0.658522844315,0.706270396709,1.3377764225,SN142A,2.337,N,A,142
454,SS145G,0.664317190647,0.671018838882,1.40796089172,SS145G,0.778,S,G,145
455,SD115G,0.679520726204,0.733686029911,1.69977688789,SD115G,0.312,D,G,115
456,SR166L,0.670505046844,0.669737160206,1.50154829025,SR166L,-0.516,R,L,166
457,SN144H,0.661951303482,0.719631552696,1.37764430046,SN144H,1.315,N,H,144
458,SY149N,0.661459207535,0.687352895737,1.37164545059,SY149N,3.406,Y,N,149
459,SP52S,0.417306780815,0.25578969717,0.479366898537,SP52S,3.774,P,S,52
460,ST228I,0.676094472408,0.656190514565,1.61221385002,ST228I,-1.138,T,I,228
461,SA204T,0.682490646839,0.786297082901,1.79496610165,SA204T,0.259,A,T,204
462,ST116S,0.656335473061,0.647454321384,1.3144762516,ST116S,1.829,T,S,116
463,SN210K,0.681174218655,0.702573597431,1.75002002716,SN210K,0.53,N,K,210
464,ST201P,0.528939843178,0.49896505475,0.757078409195,ST201P,4.728,T,P,201
465,SH75N,0.670095980167,0.715411961079,1.494582057,SH75N,-0.747,H,N,75
466,SH179P,-0.807371497154,-0.734316110611,-0.133677959442,SH179P,10.478,H,P,179
467,SK154E,0.675292909145,0.704562604427,1.59425806999,SK154E,0.475,K,E,154
468,SS203T,0.683595359325,0.725150763988,1.83685290813,SS203T,-0.067,S,T,203
469,SK207Q,0.638969182968,0.636487483978,1.16964268684,SK207Q,0.143,K,Q,207
470,ST184A,0.661755800247,0.703472316265,1.375248909,ST184A,1.209,T,A,184
471,SD17N,0.685132980347,0.741704642773,1.90310776234,SD17N,-1.045,D,N,17
472,SL219Q,0.678879857063,0.735673189163,1.68186843395,SL219Q,0.69,L,Q,219
473,SR94H,-0.90221965313,-0.987572073936,-0.364511966705,SR94H,3.555,R,H,94
474,SL40P,-0.903496384621,-0.376870125532,-0.491348624229,SL40P,8.065,L,P,40
475,SM151L,0.659600675106,0.686748802662,1.34984207153,SM151L,-0.23,M,L,151
476,SY141S,0.652115285397,0.636300504208,1.27342176437,SY141S,4.469,Y,S,141
477,SD34A,0.614669680595,0.539839148521,1.03378427029,SD34A,0.891,D,A,34
478,SQ92R,-0.901772737503,-0.902236521244,-0.351215004921,SQ92R,4.045,Q,R,92
479,SQ92R,-0.901772737503,-0.902236521244,-0.351215004921,SQ92R,4.043,Q,R,92
480,SE140K,0.672226190567,0.675646066666,1.53235185146,SE140K,-0.031,E,K,140
481,SI126M,0.684428155422,0.738453924656,1.87144589424,SI126M,1.927,I,M,126
482,SM216I,0.533249914646,0.591743052006,0.767820000648,SM216I,6.162,M,I,216
483,SY143S,0.652184724808,0.669226825237,1.27405929565,SY143S,3.85,Y,S,143
484,ST36N,0.676501274109,0.73898267746,1.62165439129,ST36N,-0.02,T,N,36
485,SI126F,0.679905116558,0.746347904205,1.71091341972,SI126F,0.961,I,F,126
486,SG22S,0.590187966824,0.56208562851,0.934732615948,SG22S,2.517,G,S,22
487,SY180C,0.669279456139,0.705905199051,1.4810500145,SY180C,3.748,Y,C,180
488,SS173T,0.672773480415,0.918910801411,1.54269361496,SS173T,-0.147,S,T,173
489,SY141H,0.631937563419,0.661445498466,1.1246458292,SY141H,2.136,Y,H,141
490,SM76V,0.598088681698,0.6380687356,0.963936567307,SM76V,4.017,M,V,76
491,SL123P,-0.903467357159,-0.985448360443,-0.539261698723,SL123P,12.664,L,P,123
492,SF25L,0.41304898262,0.278225302696,0.464637994766,SF25L,6.918,F,L,25
493,SF25L,0.41304898262,0.278225302696,0.464637994766,SF25L,6.883,F,L,25
494,SN119K,0.576871991158,0.550734937191,0.88990354538,SN119K,9.316,N,K,119
495,SL176I,0.679506421089,0.781471431255,1.69936656952,SL176I,0.268,L,I,176
496,SD214N,0.579560577869,0.504300475121,0.898569941521,SD214N,0.568,D,N,214
497,SP11R,0.651047468185,0.627155959606,1.26374721527,SP11R,3.645,P,R,11
498,SA85P,0.618683993816,0.581900715828,1.05292332172,SA85P,11.729,A,P,85
499,ST228S,0.670795559883,0.727058291435,1.5065754652,ST228S,0.42,T,S,228
500,SR120H,0.653112530708,0.616836845875,1.28270208836,SR120H,1.614,R,H,120
501,SR107G,0.522372186184,0.299181461334,0.741000890732,SR107G,3.257,R,G,107
502,SK39E,0.606548309326,0.596773922443,0.997917413712,SK39E,1.289,K,E,39
503,SG33S,0.382987469435,0.253231167793,0.261205911636,SG33S,7.395,G,S,33
504,SN157I,0.633066952229,0.612138807774,1.13149333,SN157I,2.922,N,I,157
505,SD208N,0.632775366306,0.550023555756,1.12971282005,SD208N,1.273,D,N,208
506,SK129R,0.676438510418,0.710591197014,1.62018287182,SK129R,1.307,K,R,129
507,SD171H,0.684896230698,0.673781216145,1.89220833778,SD171H,1.236,D,H,171
508,SI134V,0.668779611588,0.672198116779,1.47300171852,SI134V,-0.447,I,V,134
509,SI134V,0.668779611588,0.672198116779,1.47300171852,SI134V,-0.447,I,V,134
510,SD178G,0.63030320406,0.6633259058,1.11496829987,SD178G,1.384,D,G,178
511,ST57P,-0.900506019592,-0.987596213818,-0.325083971024,ST57P,4.735,T,P,57
512,SN157Y,0.642236948013,0.636256456375,1.1927087307,SN157Y,0.423,N,Y,157
513,SL176F,0.619867682457,0.73634070158,1.05876851082,SL176F,-1.179,L,F,176
514,SM76T,0.541358530521,0.623897433281,0.788508594036,SM76T,4.272,M,T,76
515,SD100V,0.401712715626,0.314929872751,0.417672038078,SD100V,2.855,D,V,100
516,SN162I,0.660613298416,0.675627708435,1.36155807972,SN162I,-1.77,N,I,162
517,SE93D,0.66927844286,0.657466948032,1.4810346365,SE93D,3.362,E,D,93
518,SL42P,-0.903247177601,-0.987596690655,-0.423658490181,SL42P,11.622,L,P,42
519,SA177V,0.653357386589,0.695881605148,1.28501820564,SA177V,5.289,A,V,177
520,SH197P,-0.873325824738,-0.820814192295,-0.19945538044,SH197P,9.237,H,P,197
521,ST95A,0.674247562885,0.697061061859,1.57202422619,ST95A,0.009,T,A,95
522,SN183I,0.619584679604,0.709653258324,1.05736207962,SN183I,0.362,N,I,183
523,SN103Y,0.681824624538,0.787765324116,1.77161622047,SN103Y,-4.605,N,Y,103
524,SV110A,0.510008454323,0.601780653,0.711499273777,SV110A,2.796,V,A,110
525,SM86V,0.499318808317,0.616608858109,0.686559081078,SM86V,4.371,M,V,86
526,SN210T,0.670292615891,0.748455107212,1.49791455269,SN210T,-0.278,N,T,210
527,SM86R,-0.898187220097,-0.746871948242,-0.295809268951,SM86R,13.186,M,R,86
528,SP209S,0.660770595074,0.657691717148,1.3634121418,SP209S,1.704,P,S,209
529,SL13Q,0.670020163059,0.723967373371,1.49330234528,SL13Q,1.251,L,Q,13
530,SS84A,0.662135601044,0.704982340336,1.37991762161,SS84A,0.484,S,A,84
531,SS84A,0.662135601044,0.704982340336,1.37991762161,SS84A,0.484,S,A,84
532,ST61P,0.455343395472,0.563812673092,0.584050059319,ST61P,8.86,T,P,61
533,SK154M,0.658748984337,0.681837439537,1.3402762413,SK154M,-0.098,K,M,154
534,SF112Y,0.634642064571,0.670471489429,1.14127349854,SF112Y,1.441,F,Y,112
535,SF112Y,0.634642064571,0.670471489429,1.14127349854,SF112Y,1.441,F,Y,112
536,SH197L,0.386107355356,0.43887335062,0.292997479439,SH197L,2.508,H,L,197
537,SQ92L,0.433893233538,0.349279910326,0.529101014137,SQ92L,0.485,Q,L,92
538,SQ92L,0.433893233538,0.349279910326,0.529101014137,SQ92L,0.426,Q,L,92
539,ST228A,0.674846708775,0.713321506977,1.58461225033,ST228A,0.208,T,A,228
540,SL42R,-0.898191213608,-0.987596690655,-0.295848846436,SL42R,13.155,L,R,42
541,SP52T,0.55284434557,0.430319100618,0.819108664989,SP52T,3.461,P,T,52
542,SY180S,0.681373536587,0.623355150223,1.75652050972,SY180S,4.11,Y,S,180
543,SM151R,0.677025556564,0.681227207184,1.63416051865,SM151R,0.927,M,R,151
544,SN144Y,0.631881058216,0.696589112282,1.12430644035,SN144Y,0.548,N,Y,144
545,SK124E,0.656123459339,0.666168749332,1.31229579449,SK124E,0.604,K,E,124
546,SV27A,0.38957208395,0.332536816597,0.333229780197,SV27A,4.539,V,A,27
547,SL58R,-0.783685445786,-0.70534914732,-0.121216416359,SL58R,8.128,L,R,58
548,SH167R,-0.90312820673,-0.872191905975,-0.930917620659,SH167R,8.552,H,R,167
549,SF128Y,0.412507772446,0.571411371231,0.462681055069,SF128Y,1.985,F,Y,128
550,SF128Y,0.412507772446,0.571411371231,0.462681055069,SF128Y,1.628,F,Y,128
551,SD127Y,0.641045570374,0.719488739967,1.18412137032,SD127Y,1.03,D,Y,127
552,SV53A,0.359294772148,0.313866108656,0.178640604019,SV53A,4.73,V,A,53
553,SR166H,0.672535717487,0.772684812546,1.53816711903,SR166H,-0.911,R,H,166
554,ST7S,0.6760430336,0.706405758858,1.6110367775,ST7S,0.417,T,S,7
555,SM86K,-0.903272986412,-0.987596809864,-0.426790595055,SM86K,7.131,M,K,86
556,SN119D,0.411994367838,0.402065336704,0.460804581642,SN119D,3.67,N,D,119
557,ST48I,0.399241983891,0.372367054224,0.404948830605,ST48I,0.673,T,I,48
558,ST47S,0.656489849091,0.649781644344,1.31607222557,ST47S,0.176,T,S,47
559,SH79P,0.414416998625,0.357305198908,0.469493627548,SH79P,12.157,H,P,79
560,SK207S,0.67388600111,0.685892999172,1.56461822987,SK207S,0.737,K,S,207
561,SA225P,0.649585545063,0.72395080328,1.25091826916,SA225P,4.46,A,P,225
562,SF163V,0.612948775291,0.684179782867,1.02588200569,SF163V,6.165,F,V,163
563,SF163V,0.612948775291,0.684179782867,1.02588200569,SF163V,6.138,F,V,163
564,ST7P,0.644910275936,0.678151249886,1.21278178692,ST7P,1.884,T,P,7
565,SA204S,0.67290699482,0.635142683983,1.54526114464,SA204S,-0.064,A,S,204
566,SV161M,0.675860404968,0.670091092587,1.60688650608,SV161M,3.356,V,M,161
567,ST47N,0.67621922493,0.650002121925,1.6150842905,ST47N,0.246,T,N,47
568,SN147I,0.65971237421,0.641707897186,1.351115942,SN147I,0.507,N,I,147
569,SL218Q,0.382024586201,0.269176274538,0.253612279892,SL218Q,2.88,L,Q,218
570,SA224T,0.54317265749,0.632927715778,0.793233335018,SA224T,3.276,A,T,224
571,SN133H,0.671958386898,0.598241269588,1.52739274502,SN133H,0.402,N,H,133
572,SM76K,0.419387638569,0.565384805202,0.486192464828,SM76K,4.21,M,K,76
573,SL176P,0.64266949892,0.662600517273,1.19587910175,SL176P,-0.123,L,P,176
574,SS28Y,0.686197042465,0.738914370537,1.95584082603,SS28Y,-3.426,S,Y,28
575,SI45S,0.579871475697,0.47698906064,0.899583816528,SI45S,3.063,I,S,45
576,SP185S,0.65673416853,0.724798440933,1.31861114502,SP185S,3.616,P,S,185
577,SA225V,0.677733182907,0.659384846687,1.65169835091,SA225V,-0.208,A,V,225
578,SK24Q,0.671854734421,0.725068628788,1.52549004555,SK24Q,-0.636,K,Q,24
579,SN142H,0.65890699625,0.577837705612,1.34203100204,SN142H,2.928,N,H,142
580,ST57I,0.476505875587,0.448389053345,0.633959710598,ST57I,1.217,T,I,57
581,SH179L,0.480060636997,0.507382392883,0.642169177532,SH179L,3.248,H,L,179
582,SK1T,0.675225198269,0.652543842793,1.59277904034,SK1T,1.031,K,T,1
583,SH146N,0.650774359703,0.715560555458,1.26131486893,SH146N,3.041,H,N,146
584,SV10A,0.445384800434,0.48130390048,0.559366226196,SV10A,3.874,V,A,10
585,SD34H,0.655522882938,0.713023245335,1.3061927557,SD34H,-1.725,D,H,34
586,SQ202R,0.672736227512,0.699783146381,1.54198145866,SQ202R,1.086,Q,R,202
587,SQ202R,0.672736227512,0.699783146381,1.54198145866,SQ202R,1.019,Q,R,202
588,SE211K,-0.882976412773,-0.987283587456,-0.221371650696,SE211K,3.935,E,K,211
589,SD74N,0.675384700298,0.675848126411,1.59627401829,SD74N,0.058,D,N,74
590,SG8R,0.675325930119,0.677035808563,1.59498298168,SG8R,2.138,G,R,8
591,SD131E,0.667183339596,0.65730214119,1.44840073586,SD131E,0.335,D,E,131
592,SN183T,0.630847930908,0.650693893433,1.11816418171,SN183T,3.383,N,T,183
593,SL40M,0.631781101227,0.791190028191,1.12370753288,SL40M,0.948,L,M,40
594,SK43R,0.648203253746,0.643237948418,1.23920452595,SK43R,2.522,K,R,43
595,SA35S,0.676844120026,0.659396290779,1.62978649139,SA35S,1.145,A,S,35
596,SV53M,0.544315040112,0.635396957397,0.796228051186,SV53M,2.851,V,M,53
597,SP190T,0.66389799118,0.68027305603,1.40240228176,SP190T,1.034,P,T,190
598,SD100E,0.659144341946,0.678153693676,1.34468412399,SD100E,0.739,D,E,100
599,SN162D,0.663511574268,0.71838837862,1.39735269547,SN162D,3.333,N,D,162
600,SH146L,0.531572818756,0.512943148613,0.763620972633,SH146L,3.369,H,L,146
601,SA35V,0.594403743744,0.695995569229,0.950040400028,SA35V,5.548,A,V,35
602,SN196Y,0.670139312744,0.676534175873,1.49531435966,SN196Y,-1.935,N,Y,196
603,SG22C,0.391956359148,0.341301590204,0.355960726738,SG22C,2.062,G,C,22
604,SD188N,0.678084075451,0.65456277132,1.66068923473,SD188N,-0.435,D,N,188
605,SE93K,0.653773128986,0.671352446079,1.28898715973,SE93K,2.119,E,K,93
606,SK39T,0.655211865902,0.614762187004,1.30307340622,SK39T,0.326,K,T,39
607,SM151I,0.670675337315,0.739095211029,1.50448703766,SM151I,-0.733,M,I,151
608,SD34K,0.687217950821,0.548484325409,2.01329851151,SD34K,0.063,D,K,34
609,ST184S,0.673294663429,0.685270488262,1.55280971527,ST184S,1.494,T,S,184
610,SV161A,0.688239812851,0.79569041729,2.07950091362,SV161A,3.14,V,A,161
611,ST61N,0.0359511338174,0.0554264970124,0.0374299287796,ST61N,0.58,T,N,61
612,SK124N,0.643982470036,0.762510597706,1.20568346977,SK124N,-0.669,K,N,124
613,SE113G,0.45122423768,0.411376565695,0.573973417282,SE113G,0.705,E,G,113
614,SL192R,0.676135957241,0.718592345715,1.61316680908,SL192R,3.207,L,R,192
615,SD80V,-0.902966022491,-0.827975869179,-0.399200081825,SD80V,2.239,D,V,80
616,SF221I,0.670097649097,0.67271232605,1.49461042881,SF221I,1.398,F,I,221
617,SF221I,0.670097649097,0.67271232605,1.49461042881,SF221I,0.889,F,I,221
618,SD74Y,0.658364355564,0.669183254242,1.33603656292,SD74Y,0.35,D,Y,74
619,SQ181R,-0.903281807899,-0.928032755852,-0.427915453911,SQ181R,8.724,Q,R,181
620,SQ181R,-0.903281807899,-0.928032755852,-0.427915453911,SQ181R,8.664,Q,R,181
621,SV174L,0.658050835133,0.681301236153,1.33261930943,SV174L,0.833,V,L,174
622,SV174M,0.657634079456,0.730899035931,1.32812619209,SV174M,1.801,V,M,174
623,SD178H,0.670511364937,0.678626358509,1.50165688992,SD178H,-0.14,D,H,178
624,ST116A,0.654669880867,0.638793885708,1.29770123959,ST116A,1.023,T,A,116
625,ST116A,0.654669880867,0.638793885708,1.29770123959,ST116A,1.023,T,A,116
626,SN168H,0.676612079144,0.681515336037,1.6242634058,SN168H,2.514,N,H,168
627,SL176R,0.658708095551,0.666959524155,1.33982217312,SL176R,3.388,L,R,176
628,SK164T,0.683349430561,0.72512024641,1.82715809345,SK164T,0.217,K,T,164
629,SH229Q,0.66891348362,0.726159691811,1.4751406908,SH229Q,0.461,H,Q,229
630,SC68Y,0.509198486805,0.564658224583,0.709594726562,SC68Y,13.811,C,Y,68
631,SI169L,0.684609472752,0.748246312141,1.87936854362,SI169L,2.396,I,L,169
632,ST47P,0.529613912106,0.420864701271,0.758747696877,ST47P,3.395,T,P,47
633,SI45L,0.649337351322,0.679702579975,1.24878621101,SI45L,2.017,I,L,45
634,SN119I,0.413512974977,0.437681078911,0.466299057007,SN119I,0.645,N,I,119
635,SN196I,0.660602092743,0.682043254375,1.3614269495,SN196I,-1.026,N,I,196
636,ST61S,0.668775320053,0.749602377415,1.47293353081,ST61S,1.855,T,S,61
637,SM76I,0.646149516106,0.652590453625,1.22249305248,SM76I,4.791,M,I,76
638,SN144I,0.663506448269,0.695436477661,1.39728486538,SN144I,3.179,N,I,144
639,SV59E,-0.903494000435,-0.981647849083,-0.487121224403,SV59E,9.439,V,E,59
640,SD115N,0.670574903488,0.78265863657,1.50275111198,SD115N,-0.782,D,N,115
641,SF44I,0.515807151794,0.518446207047,0.725228190422,SF44I,9.381,F,I,44
642,SF44I,0.515807151794,0.518446207047,0.725228190422,SF44I,8.985,F,I,44
643,SE220D,0.507488489151,0.563835680485,0.705582737923,SE220D,4.077,E,D,220
644,SN147H,0.660637259483,0.69476556778,1.36183953285,SN147H,-0.47,N,H,147
645,SL51R,0.496200323105,0.447862356901,0.679346501827,SL51R,9.827,L,R,51
646,SN168I,0.665723741055,0.713475823402,1.42725229263,SN168I,0.5,N,I,168
647,SD178N,0.68311727047,0.715620458126,1.81820726395,SD178N,0.436,D,N,178
648,SK129M,0.651820421219,0.655084788799,1.27072250843,SK129M,0.09,K,M,129
649,SW55R,-0.903131008148,-0.987386465073,-0.813674092293,SW55R,13.544,W,R,55
650,SH229Y,0.659977436066,0.798903048038,1.35415589809,SH229Y,-0.858,H,Y,229
651,SS26R,0.681230187416,0.726767838001,1.75183284283,SS26R,-0.042,S,R,26
652,SH137L,0.632109820843,0.611500799656,1.12568235397,SH137L,1.18,H,L,137
653,SP73H,0.590907394886,0.839288949966,0.937303185463,SP73H,2.995,P,H,73
654,SQ67L,0.596343755722,0.360847830772,0.957293272018,SQ67L,-1.366,Q,L,67
655,SQ67L,0.596343755722,0.360847830772,0.957293272018,SQ67L,-1.433,Q,L,67
656,SD188A,0.672542214394,0.646622002125,1.53829050064,SD188A,0.521,D,A,188
657,SS26I,0.661109983921,0.618802428246,1.36744594574,SS26I,-2.066,S,I,26
658,SR94C,-0.903389334679,-0.790742278099,-0.445246100426,SR94C,-1.414,R,C,94
659,SS173R,0.669366061687,0.724353730679,1.482462883,SS173R,-0.298,S,R,173
660,SP209H,0.636970460415,0.626539587975,1.15625119209,SP209H,3.448,P,H,209
661,SS203P,0.460552364588,0.349423676729,0.596578359604,SS203P,1.098,S,P,203
662,SR94P,-0.885815501213,-0.987596213818,-0.229800581932,SR94P,5.305,R,P,94
663,SG2S,0.668654620647,0.724211990833,1.47101473808,SG2S,16.022,G,S,2
664,SN162T,0.674861609936,0.793283045292,1.58492863178,SN162T,-0.43,N,T,162
665,SL199R,-0.903422892094,-0.987574279308,-0.568166136742,SL199R,10.841,L,R,199
666,SI227D,0.660172283649,0.695732712746,1.35640919209,SI227D,1.92,I,D,227
667,SH229R,0.673758804798,0.716411411762,1.56204795837,SH229R,1.547,H,R,229
668,SE32K,0.659003734589,0.679350137711,1.34310948849,SE32K,-0.796,E,K,32
669,SY143D,0.613162338734,0.598981499672,1.02685403824,SY143D,6.921,Y,D,143
670,SD127G,0.684624493122,0.775440871716,1.88003206253,SD127G,-0.389,D,G,127
671,SA108G,0.651747047901,0.707974433899,1.27005505562,SA108G,2.261,A,G,108
672,SQ92P,-0.893378555775,-0.696733534336,-0.261009812355,SQ92P,5.302,Q,P,92
673,SQ92P,-0.893378555775,-0.696733534336,-0.261009812355,SQ92P,5.027,Q,P,92
674,SD74A,0.656319618225,0.673029184341,1.31431245804,SD74A,0.191,D,A,74
675,SK111G,0.675656497478,0.710936248302,1.60230183601,SK111G,3.225,K,G,111
676,SK24E,0.636617600918,0.623095870018,1.1539400816,SK24E,0.694,K,E,24
677,SG22A,0.488808214664,0.371325194836,0.662310242653,SG22A,2.561,G,A,22
678,SL139Q,0.485647618771,0.564969956875,0.655037224293,SL139Q,3.204,L,Q,139
679,SP56S,0.653123855591,0.668741345406,1.28280901909,SP56S,4.849,P,S,56
680,SI186N,0.642143309116,0.708641052246,1.19202613831,SI186N,2.261,I,N,186
681,SE113A,0.643998324871,0.637432873249,1.20580387115,SE113A,-0.791,E,A,113
682,SD101N,0.393980950117,0.452799648046,0.372007369995,SD101N,-1.739,D,N,101
683,SY90H,0.385212212801,0.297826349735,0.282786130905,SY90H,2.761,Y,H,90
684,SS145N,0.670853376389,0.716759443283,1.50758326054,SS145N,0.176,S,N,145
685,SK160E,0.665884137154,0.686964333057,1.42951846123,SK160E,-0.532,K,E,160
686,ST41P,0.051292013377,-0.0474983379245,0.0404665470123,ST41P,7.31,T,P,41
687,SE88G,0.66648298502,0.708040177822,1.43810367584,SE88G,2.39,E,G,88
688,SV9E,0.598814070225,0.596684992313,0.966732263565,SV9E,2.331,V,E,9
689,SP209A,0.670391619205,0.684828400612,1.49960458279,SP209A,1.78,P,A,209
690,SL123R,-0.90040230751,-0.880279421806,-0.323399186134,SL123R,8.388,L,R,123
691,SA35G,0.518921017647,0.693933546543,0.732675790787,SA35G,2.869,A,G,35
692,SK105M,0.665151894093,0.668945670128,1.41928589344,SK105M,-0.448,K,M,105
693,SM86T,0.397624850273,0.563226521015,0.395826339722,SM86T,1.884,M,T,86
694,SD100A,0.650304615498,0.645763158798,1.25716936588,SD100A,0.745,D,A,100
695,SL219V,0.690009653568,0.7677475214,2.22414946556,SL219V,-0.472,L,V,219
696,SL13V,0.66609275341,0.738283872604,1.43248713017,SL13V,1.119,L,V,13
697,SS200I,0.688037157059,0.654451727867,2.06555175781,SS200I,-2.443,S,I,200
698,SL40R,0.540501177311,0.51500916481,0.786288738251,SL40R,6.766,L,R,40
699,ST41I,0.673254489899,0.721831202507,1.55202102661,ST41I,-1.391,T,I,41
700,SK156G,0.683755874634,0.99328571558,1.84330427647,SK156G,1.046,K,G,156
701,ST60A,0.671785593033,0.746372401714,1.52422559261,ST60A,-0.812,T,A,60
702,SP87A,0.59822255373,0.563984394073,0.964450955391,SP87A,2.605,P,A,87
703,SD208V,0.498282909393,0.539274632931,0.684160888195,SD208V,0.724,D,V,208
704,SD34N,0.661899507046,0.672537565231,1.37700808048,SD34N,-1.09,D,N,34
705,SY143L,0.683307647705,0.775065898895,1.82553267479,SY143L,2.838,Y,L,143
706,SR71H,0.677122890949,0.684442222118,1.63652718067,SR71H,-0.476,R,H,71
707,SN168K,0.660660982132,0.700119078159,1.36211812496,SN168K,0.54,N,K,168
708,SF163H,0.576422452927,0.51200646162,0.888472080231,SF163H,4.698,F,H,163
709,SF163H,0.576422452927,0.51200646162,0.888472080231,SF163H,4.616,F,H,163
710,SL199P,-0.903212964535,-0.838791310787,-0.701318144798,SL199P,16.879,L,P,199
711,SC68S,0.510397970676,0.594436466694,0.712416410446,SC68S,0.283,C,S,68
712,SK138E,0.6204033494,0.650273680687,1.06144535542,SK138E,1.625,K,E,138
713,SA85S,0.673752129078,0.730541586876,1.56191289425,SA85S,1.129,A,S,85
714,SH167Y,0.600931346416,0.639523983002,0.975014269352,SH167Y,-0.205,H,Y,167
715,SL5V,0.647709906101,0.63998490572,1.23511767387,SL5V,3.778,L,V,5
716,SY37N,0.683944761753,0.816792726517,1.85102021694,SY37N,0.577,Y,N,37
717,SV174A,0.660264611244,0.688605487347,1.35747992992,SV174A,2.638,V,A,174
718,SF163Y,0.643979072571,0.672341942787,1.2056581974,SF163Y,1.245,F,Y,163
719,SF163Y,0.643979072571,0.672341942787,1.2056581974,SF163Y,0.526,F,Y,163
720,SS203A,0.648599565029,0.680265128613,1.24252414703,SS203A,-1.897,S,A,203
721,SS173G,0.681294381618,0.738657176495,1.75392794609,SS173G,-0.099,S,G,173
722,SK99Q,0.674843072891,0.751105368137,1.58453154564,SK99Q,-0.826,K,Q,99
723,SG31D,-0.862100243568,-0.852963984013,-0.181440114975,SG31D,16.543,G,D,31
724,ST228P,0.67924374342,0.714806556702,1.69193804264,ST228P,-1.276,T,P,228
725,SV59L,0.634797692299,0.602870702744,1.14225435257,SV59L,6.916,V,L,59
726,SD208G,0.388456463814,-0.0629549622536,0.320925831795,SD208G,3.98,D,G,208
727,SN21T,0.472647875547,0.304148316383,0.625015437603,SN21T,4.076,N,T,21
728,SK1R,0.677432000637,0.72498601675,1.64413821697,SK1R,0.294,K,R,1
729,SF128L,0.619273781776,0.644709646702,1.05582332611,SF128L,4.028,F,L,128
730,SF128L,0.619273781776,0.644709646702,1.05582332611,SF128L,3.703,F,L,128
731,SN142D,0.670882821083,0.70437592268,1.5080987215,SN142D,3.125,N,D,142
732,ST116I,0.671664178371,0.631592392921,1.52201461792,ST116I,-1.173,T,I,116
733,ST116I,0.671664178371,0.631592392921,1.52201461792,ST116I,-1.173,T,I,116
734,SN133I,0.632683634758,0.630453109741,1.12915408611,SN133I,-0.279,N,I,133
735,SY149F,0.669951677322,0.67333483696,1.49215424061,SY149F,0.121,Y,F,149
736,SK105A,0.677764236927,0.696066975594,1.6524848938,SK105A,-0.164,K,A,105
737,SN162H,0.680704653263,0.675897121429,1.73511254787,SN162H,-0.287,N,H,162
738,SV222G,0.619209229946,0.409099936485,1.05550503731,SV222G,4.325,V,G,222
739,SC68G,0.392330348492,0.538702189922,0.359122395515,SC68G,1.396,C,G,68
740,SC68R,-0.902406573296,-0.917079389095,-0.371242403984,SC68R,19.475,C,R,68
741,SY104N,-0.423384666443,-0.313890218735,-0.0355222225189,SY104N,5.001,Y,N,104
742,SN168T,0.673556923866,0.740477263927,1.55800306797,SN168T,0.611,N,T,168
743,SM86A,0.619407832623,0.644381463528,1.05648636818,SM86A,1.913,M,A,86
744,SL199H,0.687766671181,0.453726112843,2.04761195183,SL199H,0.724,L,H,199
745,SK99E,0.678220033646,0.711026251316,1.66422700882,SK99E,0.796,K,E,99
746,SK207T,0.672806918621,0.69812732935,1.54333662987,SK207T,0.011,K,T,207
747,SN196T,0.67075753212,0.627914726734,1.50591301918,SN196T,-0.772,N,T,196
748,SL13P,-0.903486788273,-0.949648439884,-0.522114157677,SL13P,10.059,L,P,13
749,SV91I,0.679497003555,0.713467299938,1.69910144806,SV91I,-0.499,V,I,91
750,SR71C,0.659204244614,0.742573320866,1.34535729885,SR71C,-0.573,R,C,71
751,SN133T,0.676731944084,0.592776477337,1.62710678577,SN133T,0.093,N,T,133
752,SF221Y,0.678629040718,0.731256008148,1.67507195473,SF221Y,1.153,F,Y,221
753,SF221Y,0.678629040718,0.731256008148,1.67507195473,SF221Y,0.056,F,Y,221
754,SM216T,0.437187314034,0.556520760059,0.538027405739,SM216T,6.807,M,T,216
755,SV9M,0.667070329189,0.667604148388,1.44671964645,SV9M,1.34,V,M,9
756,SI186A,0.68124717474,0.74394506216,1.75238966942,SI186A,2.435,I,A,186
757,SF163L,0.587129831314,0.632643818855,0.923990190029,SF163L,7.442,F,L,163
758,SF163L,0.587129831314,0.632643818855,0.923990190029,SF163L,7.183,F,L,163
759,SP87H,0.609146714211,0.676404893398,1.00901317596,SP87H,3.069,P,H,87
760,SK111R,0.672635138035,0.713228821754,1.5400544405,SK111R,-0.507,K,R,111
761,SK111E,0.510256767273,0.551185548306,0.712083935738,SK111E,3.842,K,E,111
762,SE93G,0.596827566624,0.552950203419,0.959123373032,SE93G,3.669,E,G,93
763,SD153A,0.657249569893,0.733486175537,1.32402873039,SD153A,-0.052,D,A,153
764,SS28F,0.676765143871,0.684700548649,1.6278989315,SS28F,-1.616,S,F,28
765,SG29V,-0.87103664875,-0.95015668869,-0.195289731026,SG29V,10.336,G,V,29
766,SS70I,0.679489612579,0.63674134016,1.69888949394,SS70I,4.134,S,I,70
767,SS70I,0.679489612579,0.63674134016,1.69888949394,SS70I,3.84,S,I,70
768,SK160R,0.672784566879,0.701892912388,1.54290604591,SK160R,0.524,K,R,160
769,SD195N,0.672786593437,0.712099134922,1.54294574261,SD195N,-0.954,D,N,195
770,SN157H,0.661826074123,0.592115938663,1.37610733509,SN157H,0.689,N,H,157
771,SV174E,0.66783863306,0.707757771015,1.45830488205,SV174E,2.943,V,E,174
772,SF25V,0.484953671694,0.644266188145,0.653440356255,SF25V,10.468,F,V,25
773,SF25V,0.484953671694,0.644266188145,0.653440356255,SF25V,10.384,F,V,25
774,SN196K,0.671636343002,0.676167964935,1.52151048183,SN196K,-1.254,N,K,196
775,SE4K,0.679375290871,0.728079915047,1.6956423521,SE4K,-0.144,E,K,4
776,SG8W,0.577063024044,0.47670635581,0.890514135361,SG8W,0.692,G,W,8
777,SI96F,-0.903341293335,-0.985684335232,-0.614693284035,SI96F,7.236,I,F,96
778,SI126N,0.674241006374,0.674249768257,1.57188749313,SI126N,2.113,I,N,126
779,SS206G,0.662900030613,0.670478522778,1.38950014114,SS206G,0.711,S,G,206
780,SI12F,0.389402508736,0.415433824062,0.331428050995,SI12F,9.527,I,F,12
781,SE220G,0.465865105391,0.30627271533,0.609160900116,SE220G,3.781,E,G,220
782,SY180F,0.678568303585,0.716533839703,1.67344391346,SY180F,2.723,Y,F,180
783,SK43M,0.656673371792,0.608532786369,1.31797862053,SK43M,1.01,K,M,43
784,SQ67H,0.542027175426,0.635314762592,0.790245652199,SQ67H,2.559,Q,H,67
785,SQ67H,0.542027175426,0.635314762592,0.790245652199,SQ67H,2.269,Q,H,67
786,SM151T,0.676383912563,0.708691060543,1.61890685558,SM151T,0.389,M,T,151
787,SL205Q,0.38268828392,0.362975239754,0.258743047714,SL205Q,4.021,L,Q,205
788,SK164M,0.680341780186,0.758453965187,1.72395086288,SK164M,0.158,K,M,164
789,SH23Y,0.676624059677,0.538998007774,1.624548316,SH23Y,-1.837,H,Y,23
790,SD74V,0.665912210941,0.719158291817,1.42991662025,SD74V,0.536,D,V,74
791,SQ155L,0.675630569458,0.696692347527,1.60172390938,SQ155L,0.089,Q,L,155
792,SD100Y,0.634448945522,0.61512774229,1.14005970955,SD100Y,1.413,D,Y,100
793,SK138M,0.649945735931,0.692696034908,1.25403559208,SK138M,-0.07,K,M,138
794,SY149D,0.614733099937,0.66085511446,1.03407883644,SY149D,6.249,Y,D,149
795,SM86I,0.507306993008,0.633094489574,0.705157399178,SM86I,7.6,M,I,86
796,SA225D,0.671069383621,0.687346041203,1.51137399673,SA225D,0.9,A,D,225
797,SK124Q,0.66237193346,0.72490888834,1.38285338879,SK124Q,-0.419,K,Q,124
798,SS26G,0.657087564468,0.670040130615,1.32231783867,SS26G,0.638,S,G,26
799,SV53E,-0.903478324413,-0.776703357697,-0.530353665352,SV53E,8.385,V,E,53
800,SC46S,0.621957540512,0.64705824852,1.06932914257,SC46S,1.816,C,S,46
801,SL135Q,0.563196241856,0.580461621284,0.848305583,SL135Q,3.091,L,Q,135
802,SE93V,0.613042652607,0.617553174496,1.02630925179,SE93V,0.566,E,V,93
803,SV20L,0.511097848415,0.571576178074,0.714065849781,SV20L,6.59,V,L,20
804,SV148G,0.630431592464,0.559700906277,1.11571896076,SV148G,6.02,V,G,148
805,SS84F,0.657460868359,0.662034511566,1.32627499104,SS84F,3.062,S,F,84
806,SS84F,0.657460868359,0.662034511566,1.32627499104,SS84F,3.062,S,F,84
807,SP194T,0.592303752899,0.615603089333,0.942340195179,SP194T,7.63,P,T,194
808,SG49D,0.469720453024,0.436606019735,0.618196487427,SG49D,7.885,G,D,49
809,SR107P,-0.876887559891,-0.90607047081,-0.206607818604,SR107P,9.661,R,P,107
810,SD17V,0.67928737402,0.708771765232,1.69316470623,SD17V,-2.209,D,V,17
811,SC46R,-0.674343109131,-0.733481168747,-0.0838543176651,SC46R,14.186,C,R,46
812,SH75Y,0.672965049744,0.719199717045,1.54638195038,SH75Y,-0.182,H,Y,75
813,SR107H,0.649909794331,0.619932711124,1.25372338295,SR107H,0.552,R,H,107
814,SY180N,0.655110001564,0.652580976486,1.3020567894,SY180N,3.499,Y,N,180
815,SE113V,0.677191197872,0.726307332516,1.63819754124,SE113V,-1.535,E,V,113
816,SE3D,0.657195925713,0.677591621876,1.32346153259,SE3D,0.855,E,D,3
817,SL135R,0.620071649551,0.667593240738,1.05978488922,SL135R,4.233,L,R,135
818,SD34E,0.666961848736,0.6815148592,1.44511425495,SD34E,1.114,D,E,34
819,SS173N,0.677793383598,0.668673455715,1.65322482586,SS173N,0.105,S,N,173
820,SI121T,0.586431980133,0.574524343014,0.92157882452,SI121T,4.212,I,T,121
821,SD153V,0.60213637352,0.618416845798,0.979810774326,SD153V,0.802,D,V,153
822,SI227V,0.67076253891,0.699485003948,1.5060005188,SI227V,-0.083,I,V,227
823,SI126V,0.679848790169,0.73019695282,1.7092641592,SI126V,0.195,I,V,126
824,SD127A,0.655831038952,0.696030676365,1.30931091309,SD127A,-0.115,D,A,127
825,SY37F,0.672472000122,0.724247932434,1.53696238995,SY37F,0.141,Y,F,37
826,SG2D,0.65591520071,0.650103330612,1.31016790867,SG2D,22.064,G,D,2
827,SH23Q,0.681902170181,0.780630946159,1.77426970005,SH23Q,-0.381,H,Q,23
828,SQ155H,0.668452501297,0.687799692154,1.46782636642,SQ155H,0.801,Q,H,155
829,SK39R,0.680078089237,0.689113199711,1.71602892876,SK39R,0.817,K,R,39
830,SI159V,0.674864113331,0.760173797607,1.58498346806,SI159V,1.732,I,V,159
831,SI159V,0.674864113331,0.760173797607,1.58498346806,SI159V,1.732,I,V,159
832,SV222E,0.472176223993,0.389961451292,0.623918771744,SV222E,6.168,V,E,222
833,SE4R,0.677784621716,0.762141823769,1.65300273895,SE4R,0.621,E,R,4
834,SH79D,0.64343303442,0.644317150116,1.20154774189,SH79D,3.957,H,D,79
835,SE122V,0.683759272099,0.725962996483,1.84343934059,SE122V,-1.834,E,V,122
836,SE109A,0.648170530796,0.655304729939,1.23893141747,SE109A,1.838,E,A,109
837,SM151V,0.67883014679,0.732421040535,1.68051099777,SM151V,-0.597,M,V,151
838,SQ202L,0.661873996258,0.712554574013,1.37669479847,SQ202L,0.972,Q,L,202
839,SQ202L,0.661873996258,0.712554574013,1.37669479847,SQ202L,0.501,Q,L,202
840,SD195G,0.674007833004,0.714401006699,1.56709682941,SD195G,-3.213,D,G,195
841,SN142S,0.67726790905,0.705539941788,1.64007902145,SN142S,1.769,N,S,142
842,SY90C,0.383001953363,0.38765668869,0.261327981949,SY90C,6.694,Y,C,90
843,ST36P,0.660296440125,0.68855714798,1.35785055161,ST36P,4.354,T,P,36
844,SD100G,0.675833642483,0.689640820026,1.60628247261,SD100G,-1.009,D,G,100
845,SV9L,0.668053209782,0.631907999516,1.46160435677,SV9L,1.259,V,L,9
846,SI159L,0.662625432014,0.692615091801,1.38602936268,SI159L,4.765,I,L,159
847,SI159L,0.662625432014,0.692615091801,1.38602936268,SI159L,3.987,I,L,159
848,SK99M,0.665588974953,0.669069886208,1.42535853386,SK99M,0.197,K,M,99
849,SV110L,0.665153861046,0.700676321983,1.41931319237,SV110L,2.53,V,L,110
850,ST106S,0.655838429928,0.741462290287,1.30938661098,ST106S,1.192,T,S,106
851,ST106S,0.655838429928,0.741462290287,1.30938661098,ST106S,1.079,T,S,106
852,SN21D,0.65159535408,0.64467805624,1.26867699623,SN21D,2.759,N,D,21
853,SK154R,0.680292487144,0.724377512932,1.72245836258,SK154R,0.876,K,R,154
854,SK1Q,0.677088975906,0.737561285496,1.63570320606,SK1Q,-0.765,K,Q,1
855,SE140A,0.684517800808,0.691471397877,1.87534475327,SE140A,0.24,E,A,140
856,SD115V,0.661500990391,0.659639775753,1.3721498251,SD115V,-0.131,D,V,115
857,SE15K,0.675824284554,0.734724700451,1.60607087612,SE15K,1.017,E,K,15
858,SN142T,0.673565983772,0.714350163937,1.55818283558,SN142T,1.115,N,T,142
859,ST95S,0.676137626171,0.69639056921,1.61320412159,ST95S,0.966,T,S,95
860,SD74E,0.682237923145,0.707906723022,1.78595125675,SD74E,0.485,D,E,74
861,SI159G,0.443233191967,0.213891133666,0.553870558739,SI159G,7.079,I,G,159
862,SI159G,0.443233191967,0.213891133666,0.553870558739,SI159G,6.356,I,G,159
863,ST223P,-0.0226025227457,0.0158299189061,0.0265880823135,ST223P,7.57,T,P,223
864,ST41S,0.677705168724,0.776532649994,1.6509873867,ST41S,0.331,T,S,41
865,SD80N,0.625488162041,0.620842754841,1.08791947365,SD80N,0.314,D,N,80
866,SR107S,0.645542502403,0.597347676754,1.21770238876,SR107S,1.513,R,S,107
867,SS84P,0.556688606739,0.570982158184,0.829752206802,SS84P,7.488,S,P,84
868,SS84P,0.556688606739,0.570982158184,0.829752206802,SS84P,7.488,S,P,84
869,SH215R,-0.903283834457,-0.818711578846,-0.649411082268,SH215R,8.202,H,R,215
870,SE170V,0.680799126625,0.685075581074,1.73806810379,SE170V,-1.242,E,V,170
871,SY198D,0.460570156574,0.35558912158,0.596620559692,SY198D,8.292,Y,D,198
872,SN168G,0.661710739136,0.560177743435,1.37469959259,SN168G,2.609,N,G,168
873,SN210D,0.675255775452,0.716841578484,1.5934472084,SN210D,0.84,N,D,210
874,SR213H,0.663362443447,0.640247106552,1.39542245865,SR213H,1.69,R,H,213
875,SA225S,0.670955300331,0.6584815979,1.50936698914,SA225S,-0.71,A,S,225
876,SD214E,0.62306535244,0.665969133377,1.07505774498,SD214E,0.602,D,E,214
877,SN210S,0.673336446285,0.689588069916,1.553632617,SN210S,-0.279,N,S,210
878,SN144S,0.665259122849,0.699724733829,1.42076766491,SN144S,2.207,N,S,144
879,ST95I,0.668857634068,0.738093554974,1.47424638271,ST95I,-1.456,T,I,95
880,SP190L,0.671118497849,0.712576508522,1.51224148273,SP190L,1.217,P,L,190
881,SF128I,0.618733584881,0.659118175507,1.05316615105,SF128I,1.642,F,I,128
882,SF128I,0.618733584881,0.659118175507,1.05316615105,SF128I,1.286,F,I,128
883,SN168D,0.67127597332,0.729466617107,1.51503717899,SN168D,2.713,N,D,168
884,SV20I,0.666330039501,0.695917129517,1.43589115143,SV20I,4.197,V,I,20
885,ST47I,0.629162788391,0.594096720219,1.10837113857,ST47I,0.254,T,I,47
886,ST223N,0.671986341476,0.672916591167,1.52790606022,ST223N,2.194,T,N,223
887,SP73S,0.641025960445,0.668287038803,1.18398165703,SP73S,2.466,P,S,73
888,SI159F,0.49194970727,0.44007524848,0.669542968273,SI159F,8.79,I,F,159
889,SI159F,0.49194970727,0.44007524848,0.669542968273,SI159F,8.79,I,F,159
890,SE88A,0.6840685606,0.663232028484,1.85616004467,SE88A,0.817,E,A,88
891,SY149C,0.648041188717,0.659374535084,1.23785710335,SY149C,3.353,Y,C,149
892,SD34V,0.581872045994,0.619077205658,0.906166732311,SD34V,-0.046,D,V,34
893,SF221S,0.660210072994,0.668949246407,1.35684728622,SF221S,3.571,F,S,221
894,SF221S,0.660210072994,0.668949246407,1.35684728622,SF221S,3.365,F,S,221
895,SI121V,0.679459095001,0.685427606106,1.69801998138,SI121V,1.401,I,V,121
896,SL199Q,0.564508140087,0.588453710079,0.852134585381,SL199Q,3.13,L,Q,199
897,SG31S,-0.894428431988,-0.987596690655,-0.267035007477,SG31S,11.393,G,S,31
898,SA224S,0.629452824593,0.615752339363,1.11003696918,SA224S,2.312,A,S,224
899,SH215D,-0.857086539268,-0.83975738287,-0.1749355793,SH215D,8.872,H,D,215
900,SP185H,0.661558687687,0.584625542164,1.37284970284,SP185H,4.614,P,H,185
901,SE113K,0.657709002495,0.694099962711,1.32892918587,SE113K,-0.886,E,K,113
902,SL193M,0.667636215687,0.739648580551,1.45521712303,SL193M,1.205,L,M,193
903,SV20E,-0.889592766762,-0.98749756813,-0.243326544762,SV20E,4.867,V,E,20
904,SA35P,0.647757172585,0.692496359348,1.2355068922,SA35P,1.42,A,P,35
905,SE32A,0.663446307182,0.697709918022,1.39650583267,SE32A,-1.404,E,A,32
906,SV174G,0.66731095314,0.717595517635,1.45030939579,SV174G,3.916,V,G,174
907,SI126S,0.675461471081,0.713958501816,1.59796774387,SI126S,2.065,I,S,126
908,SD153G,0.63012522459,0.673578739166,1.11393070221,SD153G,2.299,D,G,153
909,SE140D,0.680070519447,0.737547338009,1.71580219269,SE140D,1.849,E,D,140
910,SI186T,0.622113883495,0.680099725723,1.07013201714,SI186T,3.336,I,T,186
911,SP87S,0.628913640976,0.612858116627,1.10694646835,SP87S,2.515,P,S,87
912,ST201I,0.685682237148,0.796344161034,1.9295207262,ST201I,-0.986,T,I,201
913,SD131Y,0.650108516216,0.623816549778,1.25545418262,SD131Y,0.468,D,Y,131
914,SK207R,0.658534824848,0.674708247185,1.33790946007,SK207R,1.349,K,R,207
915,SK212E,0.679365515709,0.740652322769,1.69536852837,SK212E,0.315,K,E,212
916,SI169F,0.597269713879,0.603465914726,0.960804402828,SI169F,4.055,I,F,169
917,SI169F,0.597269713879,0.603465914726,0.960804402828,SI169F,4.055,I,F,169
918,SN144D,0.66669178009,0.708077549934,1.44114398956,SN144D,1.969,N,D,144
919,SR213L,0.649437725544,0.636363148689,1.24964761734,SR213L,0.633,R,L,213
920,SV27E,-0.898869276047,-0.987385034561,-0.302988767624,SV27E,11.034,V,E,27
921,SE211D,0.668282926083,0.616813898087,1.46517205238,SE211D,3.426,E,D,211
922,SP194L,0.654276788235,0.600689053535,1.29385447502,SP194L,14.331,P,L,194
923,SL139P,0.400409668684,0.391655981541,0.411125063896,SL139P,7.783,L,P,139
924,SN147S,0.648978412151,0.626801967621,1.24572527409,SN147S,1.597,N,S,147
925,SF163S,0.525955855846,0.564287483692,0.749732911587,SF163S,8.351,F,S,163
926,SF163S,0.525955855846,0.564287483692,0.749732911587,SF163S,8.305,F,S,163
927,SD171V,0.607217907906,0.640405356884,1.00074517727,SD171V,1.215,D,V,171
928,SQ155R,0.671983659267,0.687521338463,1.52785646915,SQ155R,0.513,Q,R,155
929,SE15G,0.629336237907,0.580673098564,1.10936689377,SE15G,3.358,E,G,15
930,SV191L,0.6676851511,0.690114378929,1.45596051216,SV191L,3.814,V,L,191
931,SS173C,0.669808030128,0.730884730816,1.48975372314,SS173C,0.272,S,C,173
932,SQ202H,0.673289895058,0.767588198185,1.55271625519,SQ202H,-0.59,Q,H,202
933,SQ202H,0.673289895058,0.767588198185,1.55271625519,SQ202H,-1.113,Q,H,202
934,SH75L,0.628621578217,0.668554782867,1.10528349876,SH75L,-0.75,H,L,75
935,SL219R,0.668961703777,0.709738910198,1.47591340542,SL219R,2.067,L,R,219
936,SK24T,0.670810818672,0.643953680992,1.50684010983,SK24T,0.543,K,T,24
937,SP52L,0.550273478031,0.512991845608,0.812110424042,SP52L,2.301,P,L,52
938,ST223I,0.654651463032,0.646399080753,1.29752004147,ST223I,-1.377,T,I,223
939,SL123Q,-0.877540946007,-0.98372989893,-0.208022356033,SL123Q,3.196,L,Q,123
940,SK83E,-0.90343695879,-0.660411953926,-0.559681534767,SK83E,3.218,K,E,83
941,SK124R,0.675518631935,0.689048230648,1.59923326969,SK124R,-0.819,K,R,124
942,SE88K,0.667774260044,0.594096720219,1.45731985569,SE88K,1.7,E,K,88
943,SE15D,0.65749925375,0.679561197758,1.32668447495,SE15D,3.272,E,D,15
944,SF44C,0.666604697704,0.686374247074,1.43987131119,SF44C,7.405,F,C,44
945,SF44C,0.666604697704,0.686374247074,1.43987131119,SF44C,6.978,F,C,44
946,SE30V,0.678642451763,0.721422493458,1.67543077469,SE30V,-1.172,E,V,30
947,SH75Q,0.662162125111,0.63358694315,1.38024532795,SH75Q,-0.42,H,Q,75
948,SN210Y,0.669526875019,0.708639919758,1.48510015011,SN210Y,0.549,N,Y,210
949,SF44S,0.459680169821,0.388132512569,0.594495177269,SF44S,8.815,F,S,44
950,SF44S,0.459680169821,0.388132512569,0.594495177269,SF44S,8.433,F,S,44
951,SY141D,0.544760584831,0.603459298611,0.797400295734,SY141D,4.884,Y,D,141
952,SD195Y,0.663908839226,0.626297533512,1.40254461765,SD195Y,-0.893,D,Y,195
953,SH146R,0.558237373829,0.627411723137,0.834104478359,SH146R,7.662,H,R,146
954,SD153E,0.657115519047,0.638018548489,1.3226120472,SD153E,0.111,D,E,153
955,SD115A,0.6819267869,0.738857865334,1.77511501312,SD115A,0.082,D,A,115
956,SK212R,0.671566069126,0.716829359531,1.52024137974,SK212R,0.738,K,R,212
957,SK207N,0.619280338287,0.642441689968,1.05585563183,SK207N,0.863,K,N,207
958,SV191A,0.659150004387,0.698119938374,1.34474849701,SV191A,2.865,V,A,191
959,SY149S,0.65038228035,0.631124675274,1.25785207748,SY149S,3.993,Y,S,149
960,SL193R,0.675351321697,0.660995483398,1.59554064274,SL193R,3.524,L,R,193
961,SN162G,0.677116334438,0.712836802006,1.63636779785,SN162G,1.263,N,G,162
962,SL51P,0.475467413664,0.37294614315,0.631556034088,SL51P,5.625,L,P,51
963,SE3A,0.684115588665,0.69337105751,1.85812759399,SE3A,-0.426,E,A,3
964,SI45N,0.494585692883,0.487118601799,0.675619542599,SI45N,3.109,I,N,45
965,SH167L,0.647695481777,0.671265006065,1.23499822617,SH167L,1.153,H,L,167
966,SD131N,0.674223840237,0.563812673092,1.57153046131,SD131N,-0.834,D,N,131
967,SK1M,0.676420509815,0.658226907253,1.61976337433,SK1M,-1.623,K,M,1
968,SY72F,0.47515052557,0.539422690868,0.630822122097,SY72F,-0.967,Y,F,72
969,SE122G,0.653092503548,0.62066501379,1.28251373768,SE122G,0.978,E,G,122
970,SE30K,0.677424013615,0.733697474003,1.64394128323,SE30K,-0.789,E,K,30
971,SD100H,0.669469118118,0.582516908646,1.48415088654,SD100H,0.338,D,H,100
972,SV191M,0.665456831455,0.712996959686,1.42351317406,SV191M,2.739,V,M,191
973,SN168S,0.663914620876,0.685396075249,1.40262055397,SN168S,1.029,N,S,168
974,SE220A,0.416745811701,0.315270811319,0.477488040924,SE220A,0.013,E,A,220
975,SK212M,0.675709426403,0.686272442341,1.6034873724,SK212M,0.312,K,M,212
976,SL193V,0.674144148827,0.635035991669,1.56989049911,SL193V,2.702,L,V,193
977,SS28T,0.678699433804,0.751192927361,1.67696762085,SS28T,-0.063,S,T,28
978,SE15V,0.666551887989,0.686315238476,1.43910264969,SE15V,-0.064,E,V,15
979,SV191G,0.6429733634,0.738834500313,1.19812405109,SV191G,4.756,V,G,191
980,SL135P,-0.900478005409,-0.667488276958,-0.324623584747,SL135P,9.543,L,P,135
981,SI45T,0.635413765907,0.6251039505,1.14616680145,SI45T,2.228,I,T,45
982,SQ175L,0.679403722286,0.750030934811,1.69644904137,SQ175L,0.207,Q,L,175
983,SK24G,0.646116495132,0.43262130022,1.222230196,SK24G,1.116,K,G,24
984,SN144K,0.666803300381,0.616981446743,1.44277715683,SN144K,2.722,N,K,144
985,SP56L,0.384143203497,0.423029959202,0.271681547165,SP56L,7.105,P,L,56
986,SD171N,0.672859072685,0.698703110218,1.54433810711,SD171N,-0.175,D,N,171
987,ST61A,0.548083782196,0.637374401093,0.806220591068,ST61A,0.502,T,A,61
988,ST61I,0.432112038136,0.444659084082,0.524173140526,ST61I,-3.876,T,I,61
989,SR213S,0.651565432549,0.563374340534,1.26840591431,SR213S,0.773,R,S,213
990,SK39M,0.670016288757,0.704881608486,1.49323916435,SK39M,-0.364,K,M,39
991,SF25I,0.494244456291,0.349231600761,0.674832463264,SF25I,10.899,F,I,25
992,SF25I,0.494244456291,0.349231600761,0.674832463264,SF25I,10.859,F,I,25
993,SK50G,0.655288279057,0.528959333897,1.30383741856,SK50G,1.265,K,G,50
994,SY180H,0.672818422318,0.708722114563,1.54355597496,SY180H,2.799,Y,H,180
995,SF25S,-0.903376877308,-0.987573325634,-0.594493746758,SF25S,9.254,F,S,25
996,SF25S,-0.903376877308,-0.987573325634,-0.594493746758,SF25S,9.235,F,S,25
997,SI159T,0.627356529236,0.660015285015,1.09816932678,SI159T,4.733,I,T,159
998,SI159T,0.627356529236,0.660015285015,1.09816932678,SI159T,3.831,I,T,159
999,SE32G,0.597093343735,0.616821527481,0.960133075714,SE32G,0.064,E,G,32
1000,SA152T,0.677447676659,0.730041980743,1.64452683926,SA152T,2.081,A,T,152
1001,SN21H,0.545909464359,0.605728626251,0.800434052944,SN21H,7.428,N,H,21
1002,SA177T,0.607648670673,0.652219951153,1.00257539749,SA177T,6.321,A,T,177
1003,SV9G,0.642236828804,0.621187031269,1.1927075386,SV9G,1.94,V,G,9
1004,SY90N,-0.183609828353,-0.800863027573,0.000561475753784,SY90N,6.335,Y,N,90
1005,SN21S,0.648740768433,0.633491516113,1.24371361732,SN21S,3.375,N,S,21
1006,SI126A,0.677185893059,0.779219985008,1.63806712627,SI126A,2.035,I,A,126
1007,SK105Q,0.679777383804,0.721462190151,1.7071801424,SK105Q,-0.6,K,Q,105
1008,SS70C,0.681092500687,0.735909700394,1.74738693237,SS70C,1.951,S,C,70
1009,SS70C,0.681092500687,0.735909700394,1.74738693237,SS70C,1.239,S,C,70
1010,SY90F,0.618556261063,0.590730726719,1.05229818821,SY90F,-0.531,Y,F,90
1011,SP190S,0.669640898705,0.694723844528,1.4869787693,SP190S,1.066,P,S,190
1012,SF163I,0.631661772728,0.644378900528,1.12299394608,SF163I,11.635,F,I,163
1013,SF163I,0.631661772728,0.644378900528,1.12299394608,SF163I,11.627,F,I,163
1014,SK77R,0.672705173492,0.721789002419,1.54138696194,SK77R,1.069,K,R,77
1015,SV66L,0.678971111774,0.673242807388,1.68437063694,SV66L,2.493,V,L,66
1016,SP11A,0.590689837933,0.410205125809,0.936523973942,SP11A,2.653,P,A,11
1017,SI134F,0.414285898209,0.546239733696,0.469033837318,SI134F,4.159,I,F,134
1018,SH197Y,0.390367239714,0.581464827061,0.341342926025,SH197Y,-0.77,H,Y,197
1019,SS84T,0.636081695557,0.62090408802,1.15045762062,SS84T,2.884,S,T,84
1020,SS84T,0.636081695557,0.62090408802,1.15045762062,SS84T,2.884,S,T,84
1021,SY198S,0.646550357342,0.662287712097,1.22569262981,SY198S,5.932,Y,S,198
1022,SD19A,0.615444660187,0.650285542011,1.03740048409,SD19A,-0.207,D,A,19
1023,SF112L,0.645512521267,0.677725017071,1.21746730804,SF112L,4.429,F,L,112
1024,SK138Q,0.590447247028,0.680375039577,0.935657262802,SK138Q,-0.975,K,Q,138
1025,SL5P,0.594432532787,0.65648239851,0.950146973133,SL5P,7.546,L,P,5
1026,SR166G,0.636392593384,0.770694792271,1.15247368813,SR166G,1.612,R,G,166
1027,SN133S,0.657530248165,0.677402615547,1.32701432705,SN133S,0.575,N,S,133
1028,SE170K,0.674377858639,0.695464015007,1.57472455502,SE170K,-1.932,E,K,170
